,Origin-Flight,Origin-Airport,Airline,Origin-Destination-Airport,Origin-Flight-Type,Origin-Flight-Duration,Return-Flight,Return-Airport,Return-Destination-Airport,Return-Flight-Type,Return-Flight-Duration
0,17:35 – 19:55,LHR Heathrow,Air France,CDG Charles de Gaulle,direct,1h 20m,21:00 – 21:25,CDG Charles de Gaulle,LHR Heathrow,direct,1h 25m
1,19:45 – 22:05,LHR Heathrow,Air France,CDG Charles de Gaulle,direct,1h 20m,21:00 – 21:25,CDG Charles de Gaulle,LHR Heathrow,direct,1h 25m
2,17:35 – 19:55,LHR Heathrow,Air France,CDG Charles de Gaulle,direct,1h 20m,18:25 – 18:45,CDG Charles de Gaulle,LHR Heathrow,direct,1h 20m
3,20:30 – 22:50,LHR Heathrow,British Airways,CDG Charles de Gaulle,direct,1h 20m,07:00 – 07:25,CDG Charles de Gaulle,LHR Heathrow,direct,1h 25m
4,14:45 – 17:05,LHR Heathrow,Air France,CDG Charles de Gaulle,direct,1h 20m,21:00 – 21:25,CDG Charles de Gaulle,LHR Heathrow,direct,1h 25m
5,19:45 – 22:05,LHR Heathrow,Air France,CDG Charles de Gaulle,direct,1h 20m,18:25 – 18:45,CDG Charles de Gaulle,LHR Heathrow,direct,1h 20m
6,20:30 – 22:50,LHR Heathrow,British Airways,CDG Charles de Gaulle,direct,1h 20m,20:35 – 20:45,CDG Charles de Gaulle,LHR Heathrow,direct,1h 10m
7,17:35 – 19:55,LHR Heathrow,Air France,CDG Charles de Gaulle,direct,1h 20m,13:15 – 13:45,CDG Charles de Gaulle,LHR Heathrow,direct,1h 30m
8,19:45 – 22:05,LHR Heathrow,Air France,CDG Charles de Gaulle,direct,1h 20m,13:15 – 13:45,CDG Charles de Gaulle,LHR Heathrow,direct,1h 30m
9,14:45 – 17:05,LHR Heathrow,Air France,CDG Charles de Gaulle,direct,1h 20m,18:25 – 18:45,CDG Charles de Gaulle,LHR Heathrow,direct,1h 20m
10,17:35 – 19:55,LHR Heathrow,Air France,CDG Charles de Gaulle,direct,1h 20m,16:10 – 16:35,CDG Charles de Gaulle,LHR Heathrow,direct,1h 25m
11,19:45 – 22:05,LHR Heathrow,Air France,CDG Charles de Gaulle,direct,1h 20m,16:10 – 16:35,CDG Charles de Gaulle,LHR Heathrow,direct,1h 25m
12,14:45 – 17:05,LHR Heathrow,Air France,CDG Charles de Gaulle,direct,1h 20m,13:15 – 13:45,CDG Charles de Gaulle,LHR Heathrow,direct,1h 30m
13,14:45 – 17:05,LHR Heathrow,Air France,CDG Charles de Gaulle,direct,1h 20m,16:10 – 16:35,CDG Charles de Gaulle,LHR Heathrow,direct,1h 25m
14,20:30 – 22:50,LHR Heathrow,British Airways,CDG Charles de Gaulle,direct,1h 20m,11:50 – 12:10,CDG Charles de Gaulle,LHR Heathrow,direct,1h 20m
15,11:45 – 19:40,LHR Heathrow,KLM,ALC Alicante,1 stop,AMS,16:20 – 20:50,ALC Alicante,LHR Heathrow,1 stop,AMS
16,06:30 – 19:40,LHR Heathrow,KLM,ALC Alicante,1 stop,AMS,16:20 – 20:50,ALC Alicante,LHR Heathrow,1 stop,AMS
17,06:30 – 15:30,LHR Heathrow,KLM,ALC Alicante,1 stop,AMS,16:20 – 20:50,ALC Alicante,LHR Heathrow,1 stop,AMS
18,11:45 – 19:40,LHR Heathrow,KLM,ALC Alicante,1 stop,AMS,10:20 – 16:05,ALC Alicante,LHR Heathrow,1 stop,AMS
19,11:45 – 19:40,LHR Heathrow,"KLM, SAS",ALC Alicante,1 stop,AMS,11:20 – 18:30,ALC Alicante,LHR Heathrow,1 stop,OSL
20,06:30 – 15:30,LHR Heathrow,"KLM, SAS",ALC Alicante,1 stop,AMS,11:20 – 18:30,ALC Alicante,LHR Heathrow,1 stop,OSL
21,09:50 – 21:21,LGW Gatwick,"Air Europa, AccesRail",ALC Alicante,1 stop,MAD,20:30 – 09:00 +1,ALC Alicante,LGW Gatwick,1 stop,MAD
22,02:55 – 11:00,LHR Heathrow,Multiple Airlines,ALC Alicante,1 stop,LGW,16:20 – 20:50,ALC Alicante,LHR Heathrow,1 stop,AMS
23,11:45 – 19:40,LHR Heathrow,"KLM, Iberia",ALC Alicante,1 stop,AMS,13:50 – 18:55,ALC Alicante,LHR Heathrow,1 stop,MAD
24,11:45 – 19:40,LHR Heathrow,"KLM, Iberia",ALC Alicante,1 stop,AMS,09:25 – 14:55,ALC Alicante,LHR Heathrow,1 stop,MAD
25,06:30 – 15:30,LHR Heathrow,"KLM, Iberia",ALC Alicante,1 stop,AMS,13:50 – 18:55,ALC Alicante,LHR Heathrow,1 stop,MAD
26,06:30 – 15:30,LHR Heathrow,"KLM, Iberia",ALC Alicante,1 stop,AMS,09:25 – 14:55,ALC Alicante,LHR Heathrow,1 stop,MAD
27,11:45 – 19:40,LHR Heathrow,"KLM, Iberia",ALC Alicante,1 stop,AMS,09:25 – 18:55,ALC Alicante,LHR Heathrow,1 stop,MAD
28,06:30 – 15:30,LHR Heathrow,"KLM, Iberia",ALC Alicante,1 stop,AMS,09:25 – 18:55,ALC Alicante,LHR Heathrow,1 stop,MAD
29,11:45 – 19:40,LHR Heathrow,"KLM, SAS",ALC Alicante,1 stop,AMS,10:50 – 17:55,ALC Alicante,LHR Heathrow,1 stop,ARN
30,07:25 – 10:55,LHR Heathrow,ITA - Airways,FCO Fiumicino,direct,2h 30m,21:00 – 22:40,FCO Fiumicino,LHR Heathrow,direct,2h 40m
31,07:25 – 10:55,LHR Heathrow,ITA - Airways,FCO Fiumicino,direct,2h 30m,21:00 – 22:40,FCO Fiumicino,LHR Heathrow,direct,2h 40m
32,16:55 – 20:35,LHR Heathrow,ITA - Airways,FCO Fiumicino,direct,2h 40m,21:00 – 22:40,FCO Fiumicino,LHR Heathrow,direct,2h 40m
33,17:15 – 21:00,LHR Heathrow,"British Airways, ITA - Airways",FCO Fiumicino,direct,2h 45m,21:00 – 22:40,FCO Fiumicino,LHR Heathrow,direct,2h 40m
34,17:15 – 21:00,LHR Heathrow,British Airways,FCO Fiumicino,direct,2h 45m,06:20 – 08:20,FCO Fiumicino,LHR Heathrow,direct,3h 00m
35,16:55 – 20:35,LHR Heathrow,"ITA - Airways, British Airways",FCO Fiumicino,direct,2h 40m,06:20 – 08:20,FCO Fiumicino,LHR Heathrow,direct,3h 00m
36,17:15 – 21:00,LHR Heathrow,British Airways,FCO Fiumicino,direct,2h 45m,13:45 – 15:35,FCO Fiumicino,LHR Heathrow,direct,2h 50m
37,16:55 – 20:35,LHR Heathrow,"ITA - Airways, British Airways",FCO Fiumicino,direct,2h 40m,13:45 – 15:35,FCO Fiumicino,LHR Heathrow,direct,2h 50m
38,17:15 – 21:00,LHR Heathrow,British Airways,FCO Fiumicino,direct,2h 45m,17:15 – 19:00,FCO Fiumicino,LHR Heathrow,direct,2h 45m
39,07:25 – 10:55,LHR Heathrow,"ITA - Airways, British Airways",FCO Fiumicino,direct,2h 30m,06:20 – 08:20,FCO Fiumicino,LHR Heathrow,direct,3h 00m
40,16:55 – 20:35,LHR Heathrow,"ITA - Airways, British Airways",FCO Fiumicino,direct,2h 40m,17:15 – 19:00,FCO Fiumicino,LHR Heathrow,direct,2h 45m
41,07:25 – 10:55,LHR Heathrow,"ITA - Airways, British Airways",FCO Fiumicino,direct,2h 30m,13:45 – 15:35,FCO Fiumicino,LHR Heathrow,direct,2h 50m
42,07:25 – 10:55,LHR Heathrow,"ITA - Airways, British Airways",FCO Fiumicino,direct,2h 30m,17:15 – 19:00,FCO Fiumicino,LHR Heathrow,direct,2h 45m
43,12:45 – 16:20,LHR Heathrow,British Airways,FCO Fiumicino,direct,2h 35m,06:20 – 08:20,FCO Fiumicino,LHR Heathrow,direct,3h 00m
44,12:45 – 16:20,LHR Heathrow,British Airways,FCO Fiumicino,direct,2h 35m,13:45 – 15:35,FCO Fiumicino,LHR Heathrow,direct,2h 50m
45,12:45 – 16:20,LHR Heathrow,"British Airways, ITA - Airways",FCO Fiumicino,direct,2h 35m,21:00 – 22:40,FCO Fiumicino,LHR Heathrow,direct,2h 40m
46,12:15 – 20:00,LHR Heathrow,Icelandair,MCO Orlando,1 stop,KEF,17:45 – 10:50 +1,MCO Orlando,LHR Heathrow,1 stop,KEF
47,10:00 – 14:45,LHR Heathrow,Virgin Atlantic,MCO Orlando,direct,9h 45m,17:40 – 06:45 +1,MCO Orlando,LHR Heathrow,direct,8h 05m
48,12:15 – 20:00,LHR Heathrow,Icelandair,MCO Orlando,1 stop,KEF,17:45 – 10:50 +1,MCO Orlando,LHR Heathrow,1 stop,KEF
49,12:05 – 16:55,LHR Heathrow,Finnair,MCO Orlando,direct,9h 50m,18:55 – 08:00 +1,MCO Orlando,LHR Heathrow,direct,8h 05m
50,12:05 – 16:55,LHR Heathrow,"Finnair, British Airways",MCO Orlando,direct,9h 50m,18:55 – 08:00 +1,MCO Orlando,LHR Heathrow,direct,8h 05m
51,20:40 – 20:00 +1,LHR Heathrow,Icelandair,MCO Orlando,1 stop,KEF,17:45 – 10:50 +1,MCO Orlando,LHR Heathrow,1 stop,KEF
52,08:30 – 17:45,LHR Heathrow,Lufthansa,MCO Orlando,1 stop,FRA,14:05 – 06:20 +1,MCO Orlando,LHR Heathrow,1 stop,IAD
53,07:30 – 17:45,LHR Heathrow,Lufthansa,MCO Orlando,1 stop,FRA,14:05 – 06:20 +1,MCO Orlando,LHR Heathrow,1 stop,IAD
54,06:30 – 17:45,LHR Heathrow,Lufthansa,MCO Orlando,1 stop,FRA,14:05 – 06:20 +1,MCO Orlando,LHR Heathrow,1 stop,IAD
55,08:30 – 17:45,LHR Heathrow,Lufthansa,MCO Orlando,1 stop,FRA,14:05 – 10:50 +1,MCO Orlando,LHR Heathrow,1 stop,IAD
56,08:30 – 17:45,LHR Heathrow,Lufthansa,MCO Orlando,1 stop,FRA,16:55 – 10:00 +1,MCO Orlando,LHR Heathrow,1 stop,ORD
57,07:30 – 17:45,LHR Heathrow,Lufthansa,MCO Orlando,1 stop,FRA,16:55 – 10:00 +1,MCO Orlando,LHR Heathrow,1 stop,ORD
58,06:30 – 17:45,LHR Heathrow,Lufthansa,MCO Orlando,1 stop,FRA,16:55 – 10:00 +1,MCO Orlando,LHR Heathrow,1 stop,ORD
59,08:30 – 17:45,LHR Heathrow,Lufthansa,MCO Orlando,1 stop,FRA,12:20 – 07:55 +1,MCO Orlando,LHR Heathrow,1 stop,ORD
60,07:30 – 17:45,LHR Heathrow,Lufthansa,MCO Orlando,1 stop,FRA,12:20 – 07:55 +1,MCO Orlando,LHR Heathrow,1 stop,ORD
61,12:15 – 20:00,LHR Heathrow,"Icelandair, Air France",MCO Orlando,1 stop,KEF,17:40 – 06:45 +1,MCO Orlando,LHR Heathrow,direct,8h 05m
62,11:30 – 14:30,LHR Heathrow,Virgin Atlantic,LAS McCarran,direct,11h 00m,16:20 – 10:05 +1,LAS McCarran,LHR Heathrow,direct,9h 45m
63,12:15 – 09:45 +1,LHR Heathrow,"Icelandair, Spirit Airlines",LAS McCarran,2 stops,"KEF, MCO",22:30 – 10:50 +2,LAS McCarran,LHR Heathrow,3 stops,"FLL, MCO, ..."
64,11:30 – 14:30,LHR Heathrow,KLM,LAS McCarran,direct,11h 00m,16:20 – 10:05 +1,LAS McCarran,LHR Heathrow,direct,9h 45m
65,11:30 – 14:30,LHR Heathrow,Air France,LAS McCarran,direct,11h 00m,16:20 – 10:05 +1,LAS McCarran,LHR Heathrow,direct,9h 45m
66,11:30 – 14:30,LHR Heathrow,"KLM, Air France",LAS McCarran,direct,11h 00m,16:20 – 10:05 +1,LAS McCarran,LHR Heathrow,direct,9h 45m
67,16:10 – 19:00,LHR Heathrow,Finnair,LAS McCarran,direct,10h 50m,20:50 – 14:50 +1,LAS McCarran,LHR Heathrow,direct,10h 00m
68,16:10 – 19:00,LHR Heathrow,Finnair,LAS McCarran,direct,10h 50m,20:50 – 14:50 +1,LAS McCarran,LHR Heathrow,direct,10h 00m
69,16:10 – 19:00,LHR Heathrow,Finnair,LAS McCarran,direct,10h 50m,20:50 – 14:50 +1,LAS McCarran,LHR Heathrow,direct,10h 00m
70,16:10 – 19:00,LHR Heathrow,Finnair,LAS McCarran,direct,10h 50m,13:03 – 12:35 +1,LAS McCarran,LHR Heathrow,1 stop,LAX
71,14:00 – 23:46,LHR Heathrow,Finnair,LAS McCarran,1 stop,JFK,20:50 – 14:50 +1,LAS McCarran,LHR Heathrow,direct,10h 00m
72,11:30 – 14:30,LHR Heathrow,Virgin Atlantic,LAS McCarran,direct,11h 00m,14:10 – 10:45 +1,LAS McCarran,LHR Heathrow,1 stop,ATL
73,11:30 – 14:30,LHR Heathrow,Virgin Atlantic,LAS McCarran,direct,11h 00m,18:55 – 15:55 +1,LAS McCarran,LHR Heathrow,1 stop,LAX
74,11:30 – 14:30,LHR Heathrow,Virgin Atlantic,LAS McCarran,direct,11h 00m,14:00 – 11:05 +1,LAS McCarran,LHR Heathrow,1 stop,LAX
75,11:30 – 14:30,LHR Heathrow,Virgin Atlantic,LAS McCarran,direct,11h 00m,12:25 – 09:50 +1,LAS McCarran,LHR Heathrow,1 stop,JFK
76,11:30 – 14:30,LHR Heathrow,Virgin Atlantic,LAS McCarran,direct,11h 00m,22:10 – 20:05 +1,LAS McCarran,LHR Heathrow,1 stop,JFK
77,11:30 – 14:30,LHR Heathrow,Virgin Atlantic,LAS McCarran,direct,11h 00m,10:25 – 09:00 +1,LAS McCarran,LHR Heathrow,1 stop,BOS
78,21:10 – 09:15 +1,LHR Heathrow,Turkish Airlines,DLM Dalaman,1 stop,IST,12:05 – 16:05,DLM Dalaman,LHR Heathrow,1 stop,IST
79,21:10 – 09:15 +1,LHR Heathrow,Turkish Airlines,DLM Dalaman,1 stop,IST,15:35 – 19:45,DLM Dalaman,LHR Heathrow,1 stop,IST
80,07:00 – 20:00,LHR Heathrow,Turkish Airlines,DLM Dalaman,1 stop,IST,12:05 – 16:05,DLM Dalaman,LHR Heathrow,1 stop,IST
81,07:00 – 20:00,LHR Heathrow,Turkish Airlines,DLM Dalaman,1 stop,IST,15:35 – 19:45,DLM Dalaman,LHR Heathrow,1 stop,IST
82,21:10 – 09:15 +1,LHR Heathrow,Turkish Airlines,DLM Dalaman,1 stop,IST,10:05 – 16:05,DLM Dalaman,LHR Heathrow,1 stop,IST
83,21:10 – 11:15 +1,LHR Heathrow,Turkish Airlines,DLM Dalaman,1 stop,IST,12:05 – 16:05,DLM Dalaman,LHR Heathrow,1 stop,IST
84,21:10 – 11:15 +1,LHR Heathrow,Turkish Airlines,DLM Dalaman,1 stop,IST,15:35 – 19:45,DLM Dalaman,LHR Heathrow,1 stop,IST
85,21:10 – 09:15 +1,LHR Heathrow,Turkish Airlines,DLM Dalaman,1 stop,IST,10:05 – 14:35,DLM Dalaman,LHR Heathrow,1 stop,IST
86,21:10 – 09:15 +1,LHR Heathrow,Turkish Airlines,DLM Dalaman,1 stop,IST,15:35 – 22:25,DLM Dalaman,LHR Heathrow,1 stop,IST
87,07:00 – 20:00,LHR Heathrow,Turkish Airlines,DLM Dalaman,1 stop,IST,10:05 – 16:05,DLM Dalaman,LHR Heathrow,1 stop,IST
88,17:40 – 09:15 +1,LHR Heathrow,Turkish Airlines,DLM Dalaman,1 stop,IST,12:05 – 16:05,DLM Dalaman,LHR Heathrow,1 stop,IST
89,17:40 – 09:15 +1,LHR Heathrow,Turkish Airlines,DLM Dalaman,1 stop,IST,15:35 – 19:45,DLM Dalaman,LHR Heathrow,1 stop,IST
90,21:10 – 09:15 +1,LHR Heathrow,Turkish Airlines,DLM Dalaman,1 stop,IST,12:05 – 19:45,DLM Dalaman,LHR Heathrow,1 stop,IST
91,07:00 – 20:00,LHR Heathrow,Turkish Airlines,DLM Dalaman,1 stop,IST,15:35 – 22:25,DLM Dalaman,LHR Heathrow,1 stop,IST
92,21:10 – 11:15 +1,LHR Heathrow,Turkish Airlines,DLM Dalaman,1 stop,IST,10:05 – 16:05,DLM Dalaman,LHR Heathrow,1 stop,IST
93,17:55 – 15:25 +1,LHR Heathrow,Lufthansa,LAX Los Angeles,1 stop,MUC,17:15 – 17:05 +1,LAX Los Angeles,LHR Heathrow,1 stop,MUC
94,10:40 – 13:55,LHR Heathrow,Virgin Atlantic,LAX Los Angeles,direct,11h 15m,21:40 – 15:55 +1,LAX Los Angeles,LHR Heathrow,direct,10h 15m
95,16:35 – 19:50,LHR Heathrow,Virgin Atlantic,LAX Los Angeles,direct,11h 15m,21:40 – 15:55 +1,LAX Los Angeles,LHR Heathrow,direct,10h 15m
96,16:35 – 19:50,LHR Heathrow,Virgin Atlantic,LAX Los Angeles,direct,11h 15m,16:45 – 11:05 +1,LAX Los Angeles,LHR Heathrow,direct,10h 20m
97,10:40 – 13:55,LHR Heathrow,Virgin Atlantic,LAX Los Angeles,direct,11h 15m,16:45 – 11:05 +1,LAX Los Angeles,LHR Heathrow,direct,10h 20m
98,10:40 – 13:55,LHR Heathrow,Air France,LAX Los Angeles,direct,11h 15m,21:40 – 15:55 +1,LAX Los Angeles,LHR Heathrow,direct,10h 15m
99,16:35 – 19:50,LHR Heathrow,Air France,LAX Los Angeles,direct,11h 15m,21:40 – 15:55 +1,LAX Los Angeles,LHR Heathrow,direct,10h 15m
100,16:35 – 19:50,LHR Heathrow,KLM,LAX Los Angeles,direct,11h 15m,21:40 – 15:55 +1,LAX Los Angeles,LHR Heathrow,direct,10h 15m
101,10:40 – 13:55,LHR Heathrow,KLM,LAX Los Angeles,direct,11h 15m,21:40 – 15:55 +1,LAX Los Angeles,LHR Heathrow,direct,10h 15m
102,16:35 – 19:50,LHR Heathrow,Air France,LAX Los Angeles,direct,11h 15m,16:45 – 11:05 +1,LAX Los Angeles,LHR Heathrow,direct,10h 20m
103,10:40 – 13:55,LHR Heathrow,KLM,LAX Los Angeles,direct,11h 15m,16:45 – 11:05 +1,LAX Los Angeles,LHR Heathrow,direct,10h 20m
104,10:40 – 13:55,LHR Heathrow,Air France,LAX Los Angeles,direct,11h 15m,16:45 – 11:05 +1,LAX Los Angeles,LHR Heathrow,direct,10h 20m
105,16:35 – 19:50,LHR Heathrow,KLM,LAX Los Angeles,direct,11h 15m,16:45 – 11:05 +1,LAX Los Angeles,LHR Heathrow,direct,10h 20m
106,10:15 – 13:40,LHR Heathrow,Finnair,LAX Los Angeles,direct,11h 25m,18:15 – 12:35 +1,LAX Los Angeles,LHR Heathrow,direct,10h 20m
107,10:15 – 13:40,LHR Heathrow,"Finnair, Iberia",LAX Los Angeles,direct,11h 25m,18:15 – 12:35 +1,LAX Los Angeles,LHR Heathrow,direct,10h 20m
108,10:15 – 13:40,LHR Heathrow,"Finnair, British Airways",LAX Los Angeles,direct,11h 25m,18:15 – 12:35 +1,LAX Los Angeles,LHR Heathrow,direct,10h 20m
109,12:15 – 20:00,LHR Heathrow,Icelandair,MCO Orlando,1 stop,KEF,17:45 – 10:50 +1,MCO Orlando,LHR Heathrow,1 stop,KEF
110,10:00 – 14:45,LHR Heathrow,Virgin Atlantic,MCO Orlando,direct,9h 45m,17:40 – 06:45 +1,MCO Orlando,LHR Heathrow,direct,8h 05m
111,12:15 – 20:00,LHR Heathrow,Icelandair,MCO Orlando,1 stop,KEF,17:45 – 10:50 +1,MCO Orlando,LHR Heathrow,1 stop,KEF
112,12:05 – 16:55,LHR Heathrow,Finnair,MCO Orlando,direct,9h 50m,18:55 – 08:00 +1,MCO Orlando,LHR Heathrow,direct,8h 05m
113,12:05 – 16:55,LHR Heathrow,"Finnair, British Airways",MCO Orlando,direct,9h 50m,18:55 – 08:00 +1,MCO Orlando,LHR Heathrow,direct,8h 05m
114,20:40 – 20:00 +1,LHR Heathrow,Icelandair,MCO Orlando,1 stop,KEF,17:45 – 10:50 +1,MCO Orlando,LHR Heathrow,1 stop,KEF
115,08:30 – 17:45,LHR Heathrow,Lufthansa,MCO Orlando,1 stop,FRA,14:05 – 06:20 +1,MCO Orlando,LHR Heathrow,1 stop,IAD
116,07:30 – 17:45,LHR Heathrow,Lufthansa,MCO Orlando,1 stop,FRA,14:05 – 06:20 +1,MCO Orlando,LHR Heathrow,1 stop,IAD
117,06:30 – 17:45,LHR Heathrow,Lufthansa,MCO Orlando,1 stop,FRA,14:05 – 06:20 +1,MCO Orlando,LHR Heathrow,1 stop,IAD
118,08:30 – 17:45,LHR Heathrow,Lufthansa,MCO Orlando,1 stop,FRA,14:05 – 10:50 +1,MCO Orlando,LHR Heathrow,1 stop,IAD
119,08:30 – 17:45,LHR Heathrow,Lufthansa,MCO Orlando,1 stop,FRA,16:55 – 10:00 +1,MCO Orlando,LHR Heathrow,1 stop,ORD
120,07:30 – 17:45,LHR Heathrow,Lufthansa,MCO Orlando,1 stop,FRA,16:55 – 10:00 +1,MCO Orlando,LHR Heathrow,1 stop,ORD
121,06:30 – 17:45,LHR Heathrow,Lufthansa,MCO Orlando,1 stop,FRA,16:55 – 10:00 +1,MCO Orlando,LHR Heathrow,1 stop,ORD
122,08:30 – 17:45,LHR Heathrow,Lufthansa,MCO Orlando,1 stop,FRA,12:20 – 07:55 +1,MCO Orlando,LHR Heathrow,1 stop,ORD
123,07:30 – 17:45,LHR Heathrow,Lufthansa,MCO Orlando,1 stop,FRA,12:20 – 07:55 +1,MCO Orlando,LHR Heathrow,1 stop,ORD
124,12:15 – 20:00,LHR Heathrow,"Icelandair, Air France",MCO Orlando,1 stop,KEF,17:40 – 06:45 +1,MCO Orlando,LHR Heathrow,direct,8h 05m
125,21:15 – 22:35,LHR Heathrow,British Airways,DUB Dublin,direct,1h 20m,20:40 – 21:55,DUB Dublin,LHR Heathrow,direct,1h 15m
126,06:35 – 08:05,LHR Heathrow,British Airways,DUB Dublin,direct,1h 30m,20:40 – 21:55,DUB Dublin,LHR Heathrow,direct,1h 15m
127,21:15 – 22:35,LHR Heathrow,British Airways,DUB Dublin,direct,1h 20m,17:50 – 19:20,DUB Dublin,LHR Heathrow,direct,1h 30m
128,21:15 – 22:35,LHR Heathrow,British Airways,DUB Dublin,direct,1h 20m,09:40 – 11:15,DUB Dublin,LHR Heathrow,direct,1h 35m
129,21:15 – 22:35,LHR Heathrow,British Airways,DUB Dublin,direct,1h 20m,07:10 – 08:45,DUB Dublin,LHR Heathrow,direct,1h 35m
130,06:35 – 08:05,LHR Heathrow,British Airways,DUB Dublin,direct,1h 30m,17:50 – 19:20,DUB Dublin,LHR Heathrow,direct,1h 30m
131,06:35 – 08:05,LHR Heathrow,British Airways,DUB Dublin,direct,1h 30m,09:40 – 11:15,DUB Dublin,LHR Heathrow,direct,1h 35m
132,06:35 – 08:05,LHR Heathrow,British Airways,DUB Dublin,direct,1h 30m,07:10 – 08:45,DUB Dublin,LHR Heathrow,direct,1h 35m
133,18:20 – 19:45,LHR Heathrow,British Airways,DUB Dublin,direct,1h 25m,20:40 – 21:55,DUB Dublin,LHR Heathrow,direct,1h 15m
134,21:15 – 22:35,LHR Heathrow,"British Airways, Aer Lingus",DUB Dublin,direct,1h 20m,15:30 – 16:50,DUB Dublin,LHR Heathrow,direct,1h 20m
135,21:15 – 22:35,LHR Heathrow,"British Airways, Aer Lingus",DUB Dublin,direct,1h 20m,14:10 – 15:30,DUB Dublin,LHR Heathrow,direct,1h 20m
136,21:15 – 22:35,LHR Heathrow,"British Airways, Aer Lingus",DUB Dublin,direct,1h 20m,10:00 – 11:20,DUB Dublin,LHR Heathrow,direct,1h 20m
137,21:15 – 22:35,LHR Heathrow,"British Airways, Aer Lingus",DUB Dublin,direct,1h 20m,17:40 – 19:00,DUB Dublin,LHR Heathrow,direct,1h 20m
138,06:35 – 08:05,LHR Heathrow,"British Airways, Aer Lingus",DUB Dublin,direct,1h 30m,10:00 – 11:20,DUB Dublin,LHR Heathrow,direct,1h 20m
139,06:35 – 08:05,LHR Heathrow,"British Airways, Aer Lingus",DUB Dublin,direct,1h 30m,15:30 – 16:50,DUB Dublin,LHR Heathrow,direct,1h 20m
140,08:05 – 11:35,LHR Heathrow,British Airways,BUD Ferenc Liszt Intl,direct,2h 30m,12:25 – 14:15,BUD Ferenc Liszt Intl,LHR Heathrow,direct,2h 50m
141,08:05 – 11:35,LHR Heathrow,British Airways,BUD Ferenc Liszt Intl,direct,2h 30m,12:25 – 14:15,BUD Ferenc Liszt Intl,LHR Heathrow,direct,2h 50m
142,17:50 – 23:05,LHR Heathrow,"KLM, Air France",BUD Ferenc Liszt Intl,1 stop,AMS,17:35 – 21:25,BUD Ferenc Liszt Intl,LHR Heathrow,1 stop,CDG
143,08:05 – 11:35,LHR Heathrow,"British Airways, LOT",BUD Ferenc Liszt Intl,direct,2h 30m,09:45 – 17:20,BUD Ferenc Liszt Intl,LHR Heathrow,1 stop,WAW
144,08:05 – 11:35,LHR Heathrow,"British Airways, Air France",BUD Ferenc Liszt Intl,direct,2h 30m,17:35 – 21:25,BUD Ferenc Liszt Intl,LHR Heathrow,1 stop,CDG
145,08:05 – 11:35,LHR Heathrow,"British Airways, LOT",BUD Ferenc Liszt Intl,direct,2h 30m,19:50 – 09:35 +1,BUD Ferenc Liszt Intl,LHR Heathrow,1 stop,WAW
146,08:05 – 11:35,LHR Heathrow,"British Airways, LOT",BUD Ferenc Liszt Intl,direct,2h 30m,12:15 – 17:20,BUD Ferenc Liszt Intl,LHR Heathrow,1 stop,WAW
147,08:05 – 11:35,LHR Heathrow,"British Airways, Air France",BUD Ferenc Liszt Intl,direct,2h 30m,05:50 – 13:45,BUD Ferenc Liszt Intl,LHR Heathrow,1 stop,CDG
148,10:25 – 19:15,LHR Heathrow,"LOT, British Airways",BUD Ferenc Liszt Intl,1 stop,WAW,12:25 – 14:15,BUD Ferenc Liszt Intl,LHR Heathrow,direct,2h 50m
149,17:35 – 23:10,LHR Heathrow,"Air France, British Airways",BUD Ferenc Liszt Intl,1 stop,CDG,12:25 – 14:15,BUD Ferenc Liszt Intl,LHR Heathrow,direct,2h 50m
150,17:35 – 23:10,LHR Heathrow,"Air France, KLM",BUD Ferenc Liszt Intl,1 stop,CDG,17:05 – 20:50,BUD Ferenc Liszt Intl,LHR Heathrow,1 stop,AMS
151,17:05 – 23:05,LHR Heathrow,"KLM, Air France",BUD Ferenc Liszt Intl,1 stop,AMS,17:35 – 21:25,BUD Ferenc Liszt Intl,LHR Heathrow,1 stop,CDG
152,17:35 – 23:10,LHR Heathrow,"Air France, KLM",BUD Ferenc Liszt Intl,1 stop,CDG,12:50 – 16:05,BUD Ferenc Liszt Intl,LHR Heathrow,1 stop,AMS
153,17:35 – 23:10,LHR Heathrow,"Air France, KLM",BUD Ferenc Liszt Intl,1 stop,CDG,12:50 – 17:00,BUD Ferenc Liszt Intl,LHR Heathrow,1 stop,AMS
154,17:35 – 23:10,LHR Heathrow,"Air France, KLM",BUD Ferenc Liszt Intl,1 stop,CDG,06:30 – 10:45,BUD Ferenc Liszt Intl,LHR Heathrow,1 stop,AMS
155,06:30 – 12:05,LHR Heathrow,"KLM, Air France",BUD Ferenc Liszt Intl,1 stop,AMS,17:35 – 21:25,BUD Ferenc Liszt Intl,LHR Heathrow,1 stop,CDG
156,11:10 – 15:05,LHR Heathrow,British Airways,AGP Malaga,direct,2h 55m,20:55 – 22:45,AGP Malaga,LHR Heathrow,direct,2h 50m
157,11:10 – 15:05,LHR Heathrow,British Airways,AGP Malaga,direct,2h 55m,12:30 – 14:25,AGP Malaga,LHR Heathrow,direct,2h 55m
158,12:45 – 16:40,LHR Heathrow,British Airways,AGP Malaga,direct,2h 55m,20:55 – 22:45,AGP Malaga,LHR Heathrow,direct,2h 50m
159,11:10 – 15:05,LHR Heathrow,"British Airways, Iberia",AGP Malaga,direct,2h 55m,20:55 – 22:45,AGP Malaga,LHR Heathrow,direct,2h 50m
160,12:45 – 16:40,LHR Heathrow,British Airways,AGP Malaga,direct,2h 55m,12:30 – 14:25,AGP Malaga,LHR Heathrow,direct,2h 55m
161,12:45 – 16:40,LHR Heathrow,"British Airways, Iberia",AGP Malaga,direct,2h 55m,20:55 – 22:45,AGP Malaga,LHR Heathrow,direct,2h 50m
162,12:45 – 16:40,LHR Heathrow,Iberia,AGP Malaga,direct,2h 55m,20:55 – 22:45,AGP Malaga,LHR Heathrow,direct,2h 50m
163,12:45 – 16:40,LHR Heathrow,"Iberia, British Airways",AGP Malaga,direct,2h 55m,20:55 – 22:45,AGP Malaga,LHR Heathrow,direct,2h 50m
164,12:45 – 16:40,LHR Heathrow,"Iberia, British Airways",AGP Malaga,direct,2h 55m,12:30 – 14:25,AGP Malaga,LHR Heathrow,direct,2h 55m
165,00:10 – 10:50,LHR Heathrow,Multiple Airlines,AGP Malaga,1 stop,BHX,20:55 – 22:45,AGP Malaga,LHR Heathrow,direct,2h 50m
166,14:10 – 21:30,LHR Heathrow,"Smartwings, British Airways",AGP Malaga,1 stop,PRG,20:55 – 22:45,AGP Malaga,LHR Heathrow,direct,2h 50m
167,11:10 – 15:05,LHR Heathrow,"British Airways, TAP AIR PORTUGAL",AGP Malaga,direct,2h 55m,06:00 – 12:40,AGP Malaga,LHR Heathrow,1 stop,LIS
168,11:10 – 15:05,LHR Heathrow,"British Airways, TAP AIR PORTUGAL",AGP Malaga,direct,2h 55m,06:00 – 17:30,AGP Malaga,LHR Heathrow,1 stop,LIS
169,14:10 – 21:30,LHR Heathrow,"Smartwings, British Airways",AGP Malaga,1 stop,PRG,12:30 – 14:25,AGP Malaga,LHR Heathrow,direct,2h 55m
170,11:10 – 15:05,LHR Heathrow,"British Airways, TAP AIR PORTUGAL",AGP Malaga,direct,2h 55m,15:10 – 21:35,AGP Malaga,LHR Heathrow,1 stop,LIS
171,07:35 – 16:55,LHR Heathrow,Iberia,IBZ Ibiza,1 stop,MAD,13:35 – 18:55,IBZ Ibiza,LHR Heathrow,1 stop,MAD
172,08:25 – 16:55,LHR Heathrow,"British Airways, Iberia",IBZ Ibiza,1 stop,MAD,13:35 – 18:55,IBZ Ibiza,LHR Heathrow,1 stop,MAD
173,07:35 – 16:55,LHR Heathrow,"Iberia, British Airways",IBZ Ibiza,1 stop,MAD,13:35 – 18:55,IBZ Ibiza,LHR Heathrow,1 stop,MAD
174,07:35 – 16:55,LHR Heathrow,Iberia,IBZ Ibiza,1 stop,MAD,13:35 – 18:55,IBZ Ibiza,LHR Heathrow,1 stop,MAD
175,15:45 – 22:05,LHR Heathrow,"British Airways, Iberia",IBZ Ibiza,1 stop,MAD,13:35 – 18:55,IBZ Ibiza,LHR Heathrow,1 stop,MAD
176,08:25 – 16:55,LHR Heathrow,"British Airways, Iberia",IBZ Ibiza,1 stop,MAD,13:35 – 17:15,IBZ Ibiza,LHR Heathrow,1 stop,MAD
177,08:25 – 16:55,LHR Heathrow,"British Airways, Iberia",IBZ Ibiza,1 stop,MAD,13:35 – 18:55,IBZ Ibiza,LHR Heathrow,1 stop,MAD
178,08:25 – 16:55,LHR Heathrow,"British Airways, Iberia",IBZ Ibiza,1 stop,MAD,17:40 – 22:15,IBZ Ibiza,LHR Heathrow,1 stop,MAD
179,08:25 – 16:55,LHR Heathrow,"British Airways, Iberia",IBZ Ibiza,1 stop,MAD,13:35 – 22:15,IBZ Ibiza,LHR Heathrow,1 stop,MAD
180,07:35 – 16:55,LHR Heathrow,Iberia,IBZ Ibiza,1 stop,MAD,17:40 – 22:15,IBZ Ibiza,LHR Heathrow,1 stop,MAD
181,07:35 – 16:55,LHR Heathrow,Iberia,IBZ Ibiza,1 stop,MAD,13:35 – 22:15,IBZ Ibiza,LHR Heathrow,1 stop,MAD
182,07:35 – 16:55,LHR Heathrow,Iberia,IBZ Ibiza,1 stop,MAD,13:35 – 17:15,IBZ Ibiza,LHR Heathrow,1 stop,MAD
183,07:35 – 16:55,LHR Heathrow,"British Airways, Iberia",IBZ Ibiza,1 stop,MAD,13:35 – 17:15,IBZ Ibiza,LHR Heathrow,1 stop,MAD
184,15:45 – 22:05,LHR Heathrow,"British Airways, Iberia",IBZ Ibiza,1 stop,MAD,17:40 – 22:15,IBZ Ibiza,LHR Heathrow,1 stop,MAD
185,15:45 – 22:05,LHR Heathrow,"British Airways, Iberia",IBZ Ibiza,1 stop,MAD,13:35 – 22:15,IBZ Ibiza,LHR Heathrow,1 stop,MAD
186,10:30 – 16:55,LHR Heathrow,Iberia,IBZ Ibiza,1 stop,MAD,13:35 – 18:55,IBZ Ibiza,LHR Heathrow,1 stop,MAD
187,07:35 – 16:55,LHR Heathrow,"British Airways, Iberia",IBZ Ibiza,1 stop,MAD,17:40 – 22:15,IBZ Ibiza,LHR Heathrow,1 stop,MAD
188,07:10 – 11:25,LHR Heathrow,British Airways,ACE Lanzarote,direct,4h 15m,12:15 – 16:15,ACE Lanzarote,LHR Heathrow,direct,4h 00m
189,07:10 – 11:25,LHR Heathrow,"British Airways, Iberia",ACE Lanzarote,direct,4h 15m,07:05 – 18:55,ACE Lanzarote,LHR Heathrow,1 stop,MAD
190,07:10 – 11:25,LHR Heathrow,"British Airways, Iberia",ACE Lanzarote,direct,4h 15m,07:05 – 14:55,ACE Lanzarote,LHR Heathrow,1 stop,MAD
191,07:10 – 11:25,LHR Heathrow,British Airways,ACE Lanzarote,direct,4h 15m,13:55 – 22:15,ACE Lanzarote,LHR Heathrow,1 stop,MAD
192,07:10 – 11:25,LHR Heathrow,"British Airways, Iberia",ACE Lanzarote,direct,4h 15m,13:55 – 22:15,ACE Lanzarote,LHR Heathrow,1 stop,MAD
193,07:10 – 11:25,LHR Heathrow,"British Airways, Iberia",ACE Lanzarote,direct,4h 15m,07:05 – 18:55,ACE Lanzarote,LHR Heathrow,1 stop,MAD
194,07:10 – 11:25,LHR Heathrow,"British Airways, Iberia",ACE Lanzarote,direct,4h 15m,07:05 – 17:15,ACE Lanzarote,LHR Heathrow,1 stop,MAD
195,15:45 – 22:30,LHR Heathrow,"Iberia, British Airways",ACE Lanzarote,1 stop,MAD,12:15 – 16:15,ACE Lanzarote,LHR Heathrow,direct,4h 00m
196,07:10 – 11:25,LHR Heathrow,Multiple Airlines,ACE Lanzarote,direct,4h 15m,07:00 – 17:15,ACE Lanzarote,LHR Heathrow,2 stops,"LPA, MAD"
197,07:10 – 11:25,LHR Heathrow,"British Airways, Iberia",ACE Lanzarote,direct,4h 15m,07:05 – 13:30,ACE Lanzarote,LHR Heathrow,1 stop,MAD
198,11:25 – 22:30,LHR Heathrow,"Iberia, British Airways",ACE Lanzarote,1 stop,MAD,12:15 – 16:15,ACE Lanzarote,LHR Heathrow,direct,4h 00m
199,10:30 – 22:30,LHR Heathrow,"Iberia, British Airways",ACE Lanzarote,1 stop,MAD,12:15 – 16:15,ACE Lanzarote,LHR Heathrow,direct,4h 00m
200,12:55 – 22:30,LHR Heathrow,"Iberia, British Airways",ACE Lanzarote,1 stop,MAD,12:15 – 16:15,ACE Lanzarote,LHR Heathrow,direct,4h 00m
201,07:10 – 11:25,LHR Heathrow,"British Airways, Iberia",ACE Lanzarote,direct,4h 15m,08:15 – 18:55,ACE Lanzarote,LHR Heathrow,2 stops,"LPA, MAD"
202,07:10 – 11:25,LHR Heathrow,Multiple Airlines,ACE Lanzarote,direct,4h 15m,08:25 – 18:55,ACE Lanzarote,LHR Heathrow,2 stops,"TFN, MAD"
203,17:30 – 16:25 +1,LHR Heathrow,Lufthansa,HKG Hong Kong Intl,1 stop,FRA,23:45 – 07:45 +1,HKG Hong Kong Intl,LHR Heathrow,1 stop,FRA
204,22:25 – 18:20 +1,LHR Heathrow,Virgin Atlantic,HKG Hong Kong Intl,direct,11h 55m,23:40 – 04:40 +1,HKG Hong Kong Intl,LHR Heathrow,direct,13h 00m
205,17:40 – 17:00 +1,LHR Heathrow,Turkish Airlines,HKG Hong Kong Intl,1 stop,IST,23:05 – 09:55 +1,HKG Hong Kong Intl,LHR Heathrow,1 stop,IST
206,11:15 – 07:00 +1,LHR Heathrow,Cathay Pacific,HKG Hong Kong Intl,direct,11h 45m,23:55 – 05:00 +1,HKG Hong Kong Intl,LHR Heathrow,direct,13h 05m
207,22:25 – 18:20 +1,LHR Heathrow,"Virgin Atlantic, Cathay Pacific",HKG Hong Kong Intl,direct,11h 55m,23:55 – 05:00 +1,HKG Hong Kong Intl,LHR Heathrow,direct,13h 05m
208,11:15 – 07:00 +1,LHR Heathrow,"Cathay Pacific, British Airways",HKG Hong Kong Intl,direct,11h 45m,23:45 – 04:55 +1,HKG Hong Kong Intl,LHR Heathrow,direct,13h 10m
209,22:25 – 18:20 +1,LHR Heathrow,"Virgin Atlantic, British Airways",HKG Hong Kong Intl,direct,11h 55m,23:45 – 04:55 +1,HKG Hong Kong Intl,LHR Heathrow,direct,13h 10m
210,06:25 – 07:00 +1,LHR Heathrow,"Air France, Cathay Pacific",HKG Hong Kong Intl,1 stop,CDG,23:55 – 05:00 +1,HKG Hong Kong Intl,LHR Heathrow,direct,13h 05m
211,22:25 – 18:20 +1,LHR Heathrow,"Virgin Atlantic, Finnair",HKG Hong Kong Intl,direct,11h 55m,10:25 – 17:00,HKG Hong Kong Intl,LHR Heathrow,1 stop,HEL
212,22:25 – 18:20 +1,LHR Heathrow,"Virgin Atlantic, Finnair",HKG Hong Kong Intl,direct,11h 55m,10:25 – 20:40,HKG Hong Kong Intl,LHR Heathrow,1 stop,HEL
213,22:25 – 18:20 +1,LHR Heathrow,"Virgin Atlantic, Turkish Airlines",HKG Hong Kong Intl,direct,11h 55m,23:05 – 09:55 +1,HKG Hong Kong Intl,LHR Heathrow,1 stop,IST
214,11:15 – 07:00 +1,LHR Heathrow,"Cathay Pacific, British Airways",HKG Hong Kong Intl,direct,11h 45m,00:35 – 13:05,HKG Hong Kong Intl,LHR Heathrow,1 stop,FRA
215,11:15 – 07:00 +1,LHR Heathrow,"Cathay Pacific, British Airways",HKG Hong Kong Intl,direct,11h 45m,01:35 – 10:25,HKG Hong Kong Intl,LHR Heathrow,1 stop,MAN
216,11:15 – 07:00 +1,LHR Heathrow,"Cathay Pacific, British Airways",HKG Hong Kong Intl,direct,11h 45m,01:35 – 11:50,HKG Hong Kong Intl,LHR Heathrow,1 stop,MAN
217,11:15 – 07:00 +1,LHR Heathrow,"Cathay Pacific, British Airways",HKG Hong Kong Intl,direct,11h 45m,01:35 – 13:50,HKG Hong Kong Intl,LHR Heathrow,1 stop,MAN
218,11:15 – 07:00 +1,LHR Heathrow,"Cathay Pacific, Lufthansa",HKG Hong Kong Intl,direct,11h 45m,00:35 – 08:45,HKG Hong Kong Intl,LHR Heathrow,1 stop,FRA
219,11:15 – 07:00 +1,LHR Heathrow,"Cathay Pacific, Lufthansa",HKG Hong Kong Intl,direct,11h 45m,00:35 – 10:45,HKG Hong Kong Intl,LHR Heathrow,1 stop,FRA
220,19:55 – 22:30,LHR Heathrow,TAP AIR PORTUGAL,LIS Humberto Delgado,direct,2h 35m,19:55 – 22:40,LIS Humberto Delgado,LHR Heathrow,direct,2h 45m
221,19:55 – 22:30,LHR Heathrow,TAP AIR PORTUGAL,LIS Humberto Delgado,direct,2h 35m,16:05 – 18:55,LIS Humberto Delgado,LHR Heathrow,direct,2h 50m
222,06:00 – 08:35,LHR Heathrow,TAP AIR PORTUGAL,LIS Humberto Delgado,direct,2h 35m,19:55 – 22:40,LIS Humberto Delgado,LHR Heathrow,direct,2h 45m
223,18:30 – 21:05,LHR Heathrow,TAP AIR PORTUGAL,LIS Humberto Delgado,direct,2h 35m,19:55 – 22:40,LIS Humberto Delgado,LHR Heathrow,direct,2h 45m
224,19:55 – 22:30,LHR Heathrow,TAP AIR PORTUGAL,LIS Humberto Delgado,direct,2h 35m,18:50 – 21:35,LIS Humberto Delgado,LHR Heathrow,direct,2h 45m
225,08:15 – 10:55,LHR Heathrow,TAP AIR PORTUGAL,LIS Humberto Delgado,direct,2h 40m,19:55 – 22:40,LIS Humberto Delgado,LHR Heathrow,direct,2h 45m
226,06:00 – 08:35,LHR Heathrow,TAP AIR PORTUGAL,LIS Humberto Delgado,direct,2h 35m,16:05 – 18:55,LIS Humberto Delgado,LHR Heathrow,direct,2h 50m
227,19:55 – 22:30,LHR Heathrow,TAP AIR PORTUGAL,LIS Humberto Delgado,direct,2h 35m,14:40 – 17:30,LIS Humberto Delgado,LHR Heathrow,direct,2h 50m
228,18:30 – 21:05,LHR Heathrow,TAP AIR PORTUGAL,LIS Humberto Delgado,direct,2h 35m,16:05 – 18:55,LIS Humberto Delgado,LHR Heathrow,direct,2h 50m
229,08:15 – 10:55,LHR Heathrow,TAP AIR PORTUGAL,LIS Humberto Delgado,direct,2h 40m,16:05 – 18:55,LIS Humberto Delgado,LHR Heathrow,direct,2h 50m
230,19:55 – 22:30,LHR Heathrow,TAP AIR PORTUGAL,LIS Humberto Delgado,direct,2h 35m,09:45 – 12:40,LIS Humberto Delgado,LHR Heathrow,direct,2h 55m
231,06:00 – 08:35,LHR Heathrow,TAP AIR PORTUGAL,LIS Humberto Delgado,direct,2h 35m,18:50 – 21:35,LIS Humberto Delgado,LHR Heathrow,direct,2h 45m
232,18:30 – 21:05,LHR Heathrow,TAP AIR PORTUGAL,LIS Humberto Delgado,direct,2h 35m,18:50 – 21:35,LIS Humberto Delgado,LHR Heathrow,direct,2h 45m
233,08:15 – 10:55,LHR Heathrow,TAP AIR PORTUGAL,LIS Humberto Delgado,direct,2h 40m,18:50 – 21:35,LIS Humberto Delgado,LHR Heathrow,direct,2h 45m
234,06:00 – 08:35,LHR Heathrow,TAP AIR PORTUGAL,LIS Humberto Delgado,direct,2h 35m,14:40 – 17:30,LIS Humberto Delgado,LHR Heathrow,direct,2h 50m
235,20:25 – 22:35,LHR Heathrow,KLM,AMS Schiphol,direct,1h 10m,20:35 – 20:50,AMS Schiphol,LHR Heathrow,direct,1h 15m
236,19:55 – 22:15,LHR Heathrow,British Airways,AMS Schiphol,direct,1h 20m,21:35 – 21:55,AMS Schiphol,LHR Heathrow,direct,1h 20m
237,20:25 – 22:35,LHR Heathrow,KLM,AMS Schiphol,direct,1h 10m,20:35 – 20:50,AMS Schiphol,LHR Heathrow,direct,1h 15m
238,20:25 – 22:35,LHR Heathrow,KLM,AMS Schiphol,direct,1h 10m,16:40 – 17:00,AMS Schiphol,LHR Heathrow,direct,1h 20m
239,17:05 – 19:25,LHR Heathrow,KLM,AMS Schiphol,direct,1h 20m,20:35 – 20:50,AMS Schiphol,LHR Heathrow,direct,1h 15m
240,20:25 – 22:35,LHR Heathrow,KLM,AMS Schiphol,direct,1h 10m,10:20 – 10:45,AMS Schiphol,LHR Heathrow,direct,1h 25m
241,20:25 – 22:35,LHR Heathrow,KLM,AMS Schiphol,direct,1h 10m,08:35 – 09:00,AMS Schiphol,LHR Heathrow,direct,1h 25m
242,20:25 – 22:35,LHR Heathrow,KLM,AMS Schiphol,direct,1h 10m,18:50 – 19:15,AMS Schiphol,LHR Heathrow,direct,1h 25m
243,17:50 – 20:10,LHR Heathrow,KLM,AMS Schiphol,direct,1h 20m,20:35 – 20:50,AMS Schiphol,LHR Heathrow,direct,1h 15m
244,19:55 – 22:15,LHR Heathrow,British Airways,AMS Schiphol,direct,1h 20m,07:15 – 07:30,AMS Schiphol,LHR Heathrow,direct,1h 15m
245,20:25 – 22:35,LHR Heathrow,KLM,AMS Schiphol,direct,1h 10m,07:20 – 07:40,AMS Schiphol,LHR Heathrow,direct,1h 20m
246,11:45 – 14:05,LHR Heathrow,KLM,AMS Schiphol,direct,1h 20m,20:35 – 20:50,AMS Schiphol,LHR Heathrow,direct,1h 15m
247,17:05 – 19:25,LHR Heathrow,KLM,AMS Schiphol,direct,1h 20m,16:40 – 17:00,AMS Schiphol,LHR Heathrow,direct,1h 20m
248,17:50 – 20:10,LHR Heathrow,KLM,AMS Schiphol,direct,1h 20m,16:40 – 17:00,AMS Schiphol,LHR Heathrow,direct,1h 20m
249,17:50 – 20:10,LHR Heathrow,KLM,AMS Schiphol,direct,1h 20m,08:35 – 09:00,AMS Schiphol,LHR Heathrow,direct,1h 25m
250,17:50 – 20:10,LHR Heathrow,KLM,AMS Schiphol,direct,1h 20m,10:20 – 10:45,AMS Schiphol,LHR Heathrow,direct,1h 25m
251,06:40 – 08:05,LHR Heathrow,British Airways,BHD Belfast City,direct,1h 25m,19:10 – 20:25,BHD Belfast City,LHR Heathrow,direct,1h 15m
252,06:40 – 08:05,LHR Heathrow,British Airways,BHD Belfast City,direct,1h 25m,19:10 – 20:25,BHD Belfast City,LHR Heathrow,direct,1h 15m
253,06:40 – 08:05,LHR Heathrow,British Airways,BHD Belfast City,direct,1h 25m,07:05 – 08:30,BHD Belfast City,LHR Heathrow,direct,1h 25m
254,18:45 – 20:10,LHR Heathrow,British Airways,BHD Belfast City,direct,1h 25m,19:10 – 20:25,BHD Belfast City,LHR Heathrow,direct,1h 15m
255,18:45 – 20:10,LHR Heathrow,British Airways,BHD Belfast City,direct,1h 25m,07:05 – 08:30,BHD Belfast City,LHR Heathrow,direct,1h 25m
256,06:40 – 08:05,LHR Heathrow,British Airways,BHD Belfast City,direct,1h 25m,08:40 – 10:10,BHD Belfast City,LHR Heathrow,direct,1h 30m
257,18:45 – 20:10,LHR Heathrow,British Airways,BHD Belfast City,direct,1h 25m,08:40 – 10:10,BHD Belfast City,LHR Heathrow,direct,1h 30m
258,06:40 – 08:05,LHR Heathrow,"British Airways, Aer Lingus",BHD Belfast City,direct,1h 25m,17:00 – 18:15,BHD Belfast City,LHR Heathrow,direct,1h 15m
259,06:40 – 08:05,LHR Heathrow,"British Airways, Aer Lingus",BHD Belfast City,direct,1h 25m,12:55 – 14:10,BHD Belfast City,LHR Heathrow,direct,1h 15m
260,06:40 – 08:05,LHR Heathrow,"British Airways, Aer Lingus",BHD Belfast City,direct,1h 25m,07:50 – 09:10,BHD Belfast City,LHR Heathrow,direct,1h 20m
261,18:45 – 20:10,LHR Heathrow,"British Airways, Aer Lingus",BHD Belfast City,direct,1h 25m,17:00 – 18:15,BHD Belfast City,LHR Heathrow,direct,1h 15m
262,18:45 – 20:10,LHR Heathrow,"British Airways, Aer Lingus",BHD Belfast City,direct,1h 25m,12:55 – 14:10,BHD Belfast City,LHR Heathrow,direct,1h 15m
263,18:45 – 20:10,LHR Heathrow,"British Airways, Aer Lingus",BHD Belfast City,direct,1h 25m,07:50 – 09:10,BHD Belfast City,LHR Heathrow,direct,1h 20m
264,10:00 – 11:20,LHR Heathrow,Aer Lingus,BHD Belfast City,direct,1h 20m,17:00 – 18:15,BHD Belfast City,LHR Heathrow,direct,1h 15m
265,10:00 – 11:20,LHR Heathrow,Aer Lingus,BHD Belfast City,direct,1h 20m,12:55 – 14:10,BHD Belfast City,LHR Heathrow,direct,1h 15m
266,15:00 – 16:20,LHR Heathrow,Aer Lingus,BHD Belfast City,direct,1h 20m,12:55 – 14:10,BHD Belfast City,LHR Heathrow,direct,1h 15m
267,11:10 – 14:10,LHR Heathrow,Lufthansa,YYZ Pearson Intl,direct,8h 00m,18:30 – 06:30 +1,YYZ Pearson Intl,LHR Heathrow,direct,7h 00m
268,11:10 – 14:10,LHR Heathrow,Lufthansa,YYZ Pearson Intl,direct,8h 00m,18:30 – 06:30 +1,YYZ Pearson Intl,LHR Heathrow,direct,7h 00m
269,06:55 – 14:55,LHR Heathrow,Lufthansa,YYZ Pearson Intl,1 stop,MUC,18:30 – 06:30 +1,YYZ Pearson Intl,LHR Heathrow,direct,7h 00m
270,11:10 – 14:10,LHR Heathrow,Lufthansa,YYZ Pearson Intl,direct,8h 00m,20:30 – 08:30 +1,YYZ Pearson Intl,LHR Heathrow,direct,7h 00m
271,11:10 – 14:10,LHR Heathrow,Air Canada,YYZ Pearson Intl,direct,8h 00m,20:30 – 08:30 +1,YYZ Pearson Intl,LHR Heathrow,direct,7h 00m
272,11:10 – 14:10,LHR Heathrow,Air Canada,YYZ Pearson Intl,direct,8h 00m,18:30 – 06:30 +1,YYZ Pearson Intl,LHR Heathrow,direct,7h 00m
273,15:00 – 17:50,LHR Heathrow,Lufthansa,YYZ Pearson Intl,direct,7h 50m,20:30 – 08:30 +1,YYZ Pearson Intl,LHR Heathrow,direct,7h 00m
274,15:00 – 17:50,LHR Heathrow,Lufthansa,YYZ Pearson Intl,direct,7h 50m,18:30 – 06:30 +1,YYZ Pearson Intl,LHR Heathrow,direct,7h 00m
275,11:10 – 14:10,LHR Heathrow,"Air Canada, Lufthansa",YYZ Pearson Intl,direct,8h 00m,20:30 – 08:30 +1,YYZ Pearson Intl,LHR Heathrow,direct,7h 00m
276,11:10 – 14:10,LHR Heathrow,"Air Canada, Lufthansa",YYZ Pearson Intl,direct,8h 00m,18:30 – 06:30 +1,YYZ Pearson Intl,LHR Heathrow,direct,7h 00m
277,11:10 – 14:10,LHR Heathrow,"Lufthansa, Air Canada",YYZ Pearson Intl,direct,8h 00m,18:30 – 06:30 +1,YYZ Pearson Intl,LHR Heathrow,direct,7h 00m
278,11:10 – 14:10,LHR Heathrow,"Lufthansa, Air Canada",YYZ Pearson Intl,direct,8h 00m,20:30 – 08:30 +1,YYZ Pearson Intl,LHR Heathrow,direct,7h 00m
279,15:00 – 17:50,LHR Heathrow,Air Canada,YYZ Pearson Intl,direct,7h 50m,18:30 – 06:30 +1,YYZ Pearson Intl,LHR Heathrow,direct,7h 00m
280,15:00 – 17:50,LHR Heathrow,Air Canada,YYZ Pearson Intl,direct,7h 50m,20:30 – 08:30 +1,YYZ Pearson Intl,LHR Heathrow,direct,7h 00m
281,11:10 – 14:10,LHR Heathrow,"Air Canada, British Airways",YYZ Pearson Intl,direct,8h 00m,18:20 – 06:25 +1,YYZ Pearson Intl,LHR Heathrow,direct,7h 05m
282,11:10 – 14:10,LHR Heathrow,"Lufthansa, British Airways",YYZ Pearson Intl,direct,8h 00m,22:05 – 10:05 +1,YYZ Pearson Intl,LHR Heathrow,direct,7h 00m
283,11:10 – 14:10,LHR Heathrow,"Lufthansa, British Airways",YYZ Pearson Intl,direct,8h 00m,18:20 – 06:25 +1,YYZ Pearson Intl,LHR Heathrow,direct,7h 05m
284,08:15 – 15:30,LHR Heathrow,TAP AIR PORTUGAL,EWR Newark,1 stop,LIS,17:45 – 11:25 +1,EWR Newark,LHR Heathrow,1 stop,LIS
285,10:10 – 13:30,LHR Heathrow,Virgin Atlantic,JFK John F Kennedy Intl,direct,8h 20m,08:20 – 20:05,JFK John F Kennedy Intl,LHR Heathrow,direct,6h 45m
286,08:15 – 15:30,LHR Heathrow,TAP AIR PORTUGAL,EWR Newark,1 stop,LIS,17:45 – 11:25 +1,EWR Newark,LHR Heathrow,1 stop,LIS
287,10:10 – 13:30,LHR Heathrow,Virgin Atlantic,JFK John F Kennedy Intl,direct,8h 20m,22:00 – 09:50 +1,JFK John F Kennedy Intl,LHR Heathrow,direct,6h 50m
288,10:10 – 13:30,LHR Heathrow,Virgin Atlantic,JFK John F Kennedy Intl,direct,8h 20m,20:00 – 07:55 +1,JFK John F Kennedy Intl,LHR Heathrow,direct,6h 55m
289,14:30 – 18:00,LHR Heathrow,Virgin Atlantic,JFK John F Kennedy Intl,direct,8h 30m,08:20 – 20:05,JFK John F Kennedy Intl,LHR Heathrow,direct,6h 45m
290,14:30 – 18:00,LHR Heathrow,Virgin Atlantic,JFK John F Kennedy Intl,direct,8h 30m,22:00 – 09:50 +1,JFK John F Kennedy Intl,LHR Heathrow,direct,6h 50m
291,14:30 – 18:00,LHR Heathrow,Virgin Atlantic,JFK John F Kennedy Intl,direct,8h 30m,20:00 – 07:55 +1,JFK John F Kennedy Intl,LHR Heathrow,direct,6h 55m
292,10:10 – 13:30,LHR Heathrow,Virgin Atlantic,JFK John F Kennedy Intl,direct,8h 20m,19:01 – 07:10 +1,JFK John F Kennedy Intl,LHR Heathrow,direct,7h 09m
293,10:10 – 13:30,LHR Heathrow,Virgin Atlantic,JFK John F Kennedy Intl,direct,8h 20m,23:00 – 11:10 +1,JFK John F Kennedy Intl,LHR Heathrow,direct,7h 10m
294,14:30 – 18:00,LHR Heathrow,Virgin Atlantic,JFK John F Kennedy Intl,direct,8h 30m,19:01 – 07:10 +1,JFK John F Kennedy Intl,LHR Heathrow,direct,7h 09m
295,14:30 – 18:00,LHR Heathrow,Virgin Atlantic,JFK John F Kennedy Intl,direct,8h 30m,23:00 – 11:10 +1,JFK John F Kennedy Intl,LHR Heathrow,direct,7h 10m
296,10:10 – 13:30,LHR Heathrow,Virgin Atlantic,JFK John F Kennedy Intl,direct,8h 20m,18:00 – 06:20 +1,JFK John F Kennedy Intl,LHR Heathrow,direct,7h 20m
297,14:30 – 18:00,LHR Heathrow,Virgin Atlantic,JFK John F Kennedy Intl,direct,8h 30m,18:00 – 06:20 +1,JFK John F Kennedy Intl,LHR Heathrow,direct,7h 20m
298,19:45 – 22:40,LHR Heathrow,Finnair,JFK John F Kennedy Intl,direct,7h 55m,08:05 – 19:50,JFK John F Kennedy Intl,LHR Heathrow,direct,6h 45m
299,19:45 – 22:40,LHR Heathrow,Finnair,JFK John F Kennedy Intl,direct,7h 55m,19:00 – 06:50 +1,JFK John F Kennedy Intl,LHR Heathrow,direct,6h 50m
300,19:45 – 22:40,LHR Heathrow,Finnair,JFK John F Kennedy Intl,direct,7h 55m,20:50 – 08:40 +1,JFK John F Kennedy Intl,LHR Heathrow,direct,6h 50m
301,18:30 – 20:00,LHR Heathrow,British Airways,EDI Turnhouse,direct,1h 30m,19:30 – 20:55,EDI Turnhouse,LHR Heathrow,direct,1h 25m
303,10:20 – 11:45,LHR Heathrow,British Airways,EDI Turnhouse,direct,1h 25m,19:30 – 20:55,EDI Turnhouse,LHR Heathrow,direct,1h 25m
304,06:20 – 07:45,LHR Heathrow,British Airways,EDI Turnhouse,direct,1h 25m,19:30 – 20:55,EDI Turnhouse,LHR Heathrow,direct,1h 25m
305,18:30 – 20:00,LHR Heathrow,British Airways,EDI Turnhouse,direct,1h 30m,11:55 – 13:30,EDI Turnhouse,LHR Heathrow,direct,1h 35m
306,10:20 – 11:45,LHR Heathrow,British Airways,EDI Turnhouse,direct,1h 25m,11:55 – 13:30,EDI Turnhouse,LHR Heathrow,direct,1h 35m
307,06:20 – 07:45,LHR Heathrow,British Airways,EDI Turnhouse,direct,1h 25m,11:55 – 13:30,EDI Turnhouse,LHR Heathrow,direct,1h 35m
308,18:30 – 20:00,LHR Heathrow,British Airways,EDI Turnhouse,direct,1h 30m,09:10 – 10:50,EDI Turnhouse,LHR Heathrow,direct,1h 40m
309,18:30 – 20:00,LHR Heathrow,British Airways,EDI Turnhouse,direct,1h 30m,12:55 – 14:20,EDI Turnhouse,LHR Heathrow,direct,1h 25m
310,15:30 – 17:00,LHR Heathrow,British Airways,EDI Turnhouse,direct,1h 30m,19:30 – 20:55,EDI Turnhouse,LHR Heathrow,direct,1h 25m
311,18:30 – 20:00,LHR Heathrow,British Airways,EDI Turnhouse,direct,1h 30m,11:30 – 13:00,EDI Turnhouse,LHR Heathrow,direct,1h 30m
312,10:20 – 11:45,LHR Heathrow,British Airways,EDI Turnhouse,direct,1h 25m,09:10 – 10:50,EDI Turnhouse,LHR Heathrow,direct,1h 40m
313,06:20 – 07:45,LHR Heathrow,British Airways,EDI Turnhouse,direct,1h 25m,09:10 – 10:50,EDI Turnhouse,LHR Heathrow,direct,1h 40m
314,10:20 – 11:45,LHR Heathrow,British Airways,EDI Turnhouse,direct,1h 25m,12:55 – 14:20,EDI Turnhouse,LHR Heathrow,direct,1h 25m
315,06:20 – 07:45,LHR Heathrow,British Airways,EDI Turnhouse,direct,1h 25m,12:55 – 14:20,EDI Turnhouse,LHR Heathrow,direct,1h 25m
316,17:00 – 18:25,LHR Heathrow,British Airways,EDI Turnhouse,direct,1h 25m,19:30 – 20:55,EDI Turnhouse,LHR Heathrow,direct,1h 25m
317,20:25 – 20:20 +2,LHR Heathrow,KLM,DPS Bali Ngurah Rai,2 stops,"AMS, SIN",16:25 – 10:25 +1,DPS Bali Ngurah Rai,LHR Heathrow,3 stops,"KUL, SIN, ..."
318,09:10 – 19:05 +1,LHR Heathrow,Singapore Airlines,DPS Bali Ngurah Rai,1 stop,SIN,13:00 – 15:20 +1,DPS Bali Ngurah Rai,LHR Heathrow,1 stop,SIN
319,20:25 – 20:20 +2,LHR Heathrow,KLM,DPS Bali Ngurah Rai,2 stops,"AMS, SIN",16:25 – 10:25 +1,DPS Bali Ngurah Rai,LHR Heathrow,3 stops,"KUL, SIN, ..."
320,09:10 – 11:50 +1,LHR Heathrow,Singapore Airlines,DPS Bali Ngurah Rai,1 stop,SIN,13:00 – 05:55 +1,DPS Bali Ngurah Rai,LHR Heathrow,1 stop,SIN
321,09:10 – 11:50 +1,LHR Heathrow,Singapore Airlines,DPS Bali Ngurah Rai,1 stop,SIN,13:00 – 07:20 +1,DPS Bali Ngurah Rai,LHR Heathrow,1 stop,SIN
322,09:10 – 19:05 +1,LHR Heathrow,Singapore Airlines,DPS Bali Ngurah Rai,1 stop,SIN,13:00 – 05:55 +1,DPS Bali Ngurah Rai,LHR Heathrow,1 stop,SIN
323,09:10 – 19:05 +1,LHR Heathrow,Singapore Airlines,DPS Bali Ngurah Rai,1 stop,SIN,13:00 – 07:20 +1,DPS Bali Ngurah Rai,LHR Heathrow,1 stop,SIN
324,09:10 – 11:50 +1,LHR Heathrow,Singapore Airlines,DPS Bali Ngurah Rai,1 stop,SIN,13:00 – 15:20 +1,DPS Bali Ngurah Rai,LHR Heathrow,1 stop,SIN
325,20:35 – 19:05 +2,LHR Heathrow,Singapore Airlines,DPS Bali Ngurah Rai,1 stop,SIN,13:00 – 05:55 +1,DPS Bali Ngurah Rai,LHR Heathrow,1 stop,SIN
326,20:35 – 19:05 +2,LHR Heathrow,Singapore Airlines,DPS Bali Ngurah Rai,1 stop,SIN,13:00 – 07:20 +1,DPS Bali Ngurah Rai,LHR Heathrow,1 stop,SIN
327,20:25 – 20:20 +2,LHR Heathrow,KLM,DPS Bali Ngurah Rai,1 stop,AMS,16:25 – 10:25 +1,DPS Bali Ngurah Rai,LHR Heathrow,2 stops,"KUL, AMS"
328,09:10 – 11:50 +1,LHR Heathrow,"Singapore Airlines, Malaysia Airlines",DPS Bali Ngurah Rai,1 stop,SIN,16:25 – 15:25 +1,DPS Bali Ngurah Rai,LHR Heathrow,1 stop,KUL
329,10:55 – 11:50 +1,LHR Heathrow,Singapore Airlines,DPS Bali Ngurah Rai,1 stop,SIN,13:00 – 05:55 +1,DPS Bali Ngurah Rai,LHR Heathrow,1 stop,SIN
330,10:55 – 11:50 +1,LHR Heathrow,Singapore Airlines,DPS Bali Ngurah Rai,1 stop,SIN,13:00 – 07:20 +1,DPS Bali Ngurah Rai,LHR Heathrow,1 stop,SIN
331,10:55 – 19:05 +1,LHR Heathrow,Singapore Airlines,DPS Bali Ngurah Rai,1 stop,SIN,13:00 – 05:55 +1,DPS Bali Ngurah Rai,LHR Heathrow,1 stop,SIN
332,10:55 – 19:05 +1,LHR Heathrow,Singapore Airlines,DPS Bali Ngurah Rai,1 stop,SIN,13:00 – 07:20 +1,DPS Bali Ngurah Rai,LHR Heathrow,1 stop,SIN
333,20:25 – 20:20 +2,LHR Heathrow,KLM,DPS Bali Ngurah Rai,1 stop,AMS,13:10 – 10:25 +1,DPS Bali Ngurah Rai,LHR Heathrow,2 stops,"KUL, AMS"
334,14:10 – 17:05,LHR Heathrow,Smartwings,PRG Václav Havel Prague,direct,1h 55m,12:15 – 13:25,PRG Václav Havel Prague,LHR Heathrow,direct,2h 10m
335,19:35 – 22:35,LHR Heathrow,"British Airways, Smartwings",PRG Václav Havel Prague,direct,2h 00m,12:15 – 13:25,PRG Václav Havel Prague,LHR Heathrow,direct,2h 10m
336,07:10 – 10:05,LHR Heathrow,"British Airways, Smartwings",PRG Václav Havel Prague,direct,1h 55m,12:15 – 13:25,PRG Václav Havel Prague,LHR Heathrow,direct,2h 10m
337,07:10 – 10:05,LHR Heathrow,British Airways,PRG Václav Havel Prague,direct,1h 55m,11:00 – 12:15,PRG Václav Havel Prague,LHR Heathrow,direct,2h 15m
338,19:35 – 22:35,LHR Heathrow,British Airways,PRG Václav Havel Prague,direct,2h 00m,11:00 – 12:15,PRG Václav Havel Prague,LHR Heathrow,direct,2h 15m
339,14:10 – 17:05,LHR Heathrow,"Czech Airlines, Smartwings",PRG Václav Havel Prague,direct,1h 55m,12:15 – 13:25,PRG Václav Havel Prague,LHR Heathrow,direct,2h 10m
340,14:10 – 17:05,LHR Heathrow,"Smartwings, Czech Airlines",PRG Václav Havel Prague,direct,1h 55m,12:15 – 13:25,PRG Václav Havel Prague,LHR Heathrow,direct,2h 10m
341,14:10 – 17:05,LHR Heathrow,Czech Airlines,PRG Václav Havel Prague,direct,1h 55m,12:15 – 13:25,PRG Václav Havel Prague,LHR Heathrow,direct,2h 10m
342,14:10 – 17:05,LHR Heathrow,"Smartwings, British Airways",PRG Václav Havel Prague,direct,1h 55m,11:00 – 12:15,PRG Václav Havel Prague,LHR Heathrow,direct,2h 15m
343,17:50 – 22:15,LHR Heathrow,"KLM, Smartwings",PRG Václav Havel Prague,1 stop,AMS,12:15 – 13:25,PRG Václav Havel Prague,LHR Heathrow,direct,2h 10m
344,11:45 – 17:40,LHR Heathrow,"KLM, Smartwings",PRG Václav Havel Prague,1 stop,AMS,12:15 – 13:25,PRG Václav Havel Prague,LHR Heathrow,direct,2h 10m
345,10:25 – 17:45,LHR Heathrow,"LOT, Smartwings",PRG Václav Havel Prague,1 stop,WAW,12:15 – 13:25,PRG Václav Havel Prague,LHR Heathrow,direct,2h 10m
346,10:25 – 19:15,LHR Heathrow,"LOT, Smartwings",PRG Václav Havel Prague,1 stop,WAW,12:15 – 13:25,PRG Václav Havel Prague,LHR Heathrow,direct,2h 10m
347,14:10 – 17:05,LHR Heathrow,"Smartwings, Air France",PRG Václav Havel Prague,direct,1h 55m,17:50 – 21:25,PRG Václav Havel Prague,LHR Heathrow,1 stop,CDG
348,06:55 – 14:10,LHR Heathrow,"SWISS, Smartwings",PRG Václav Havel Prague,1 stop,ZRH,12:15 – 13:25,PRG Václav Havel Prague,LHR Heathrow,direct,2h 10m
349,21:50 – 12:10 +1,LHR Heathrow,Gulf Air,DXB Dubai Intl,1 stop,BAH,07:55 – 14:45,DXB Dubai Intl,LHR Heathrow,1 stop,BAH
350,12:25 – 23:35,LHR Heathrow,British Airways,DXB Dubai Intl,direct,7h 10m,02:15 – 06:25,DXB Dubai Intl,LHR Heathrow,direct,8h 10m
351,21:50 – 12:10 +1,LHR Heathrow,Gulf Air,DXB Dubai Intl,1 stop,BAH,07:55 – 14:45,DXB Dubai Intl,LHR Heathrow,1 stop,BAH
352,12:25 – 23:35,LHR Heathrow,British Airways,DXB Dubai Intl,direct,7h 10m,10:20 – 14:20,DXB Dubai Intl,LHR Heathrow,direct,8h 00m
353,20:40 – 07:45 +1,LHR Heathrow,British Airways,DXB Dubai Intl,direct,7h 05m,02:15 – 06:25,DXB Dubai Intl,LHR Heathrow,direct,8h 10m
354,20:40 – 07:45 +1,LHR Heathrow,British Airways,DXB Dubai Intl,direct,7h 05m,10:20 – 14:20,DXB Dubai Intl,LHR Heathrow,direct,8h 00m
355,15:50 – 02:40 +1,LHR Heathrow,Emirates,DXB Dubai Intl,direct,6h 50m,14:30 – 18:20,DXB Dubai Intl,LHR Heathrow,direct,7h 50m
356,09:10 – 20:00,LHR Heathrow,Emirates,DXB Dubai Intl,direct,6h 50m,14:30 – 18:20,DXB Dubai Intl,LHR Heathrow,direct,7h 50m
357,19:00 – 05:50 +1,LHR Heathrow,Emirates,DXB Dubai Intl,direct,6h 50m,14:30 – 18:20,DXB Dubai Intl,LHR Heathrow,direct,7h 50m
358,09:10 – 20:00,LHR Heathrow,Emirates,DXB Dubai Intl,direct,6h 50m,16:05 – 20:00,DXB Dubai Intl,LHR Heathrow,direct,7h 55m
359,19:00 – 05:50 +1,LHR Heathrow,Emirates,DXB Dubai Intl,direct,6h 50m,07:45 – 11:40,DXB Dubai Intl,LHR Heathrow,direct,7h 55m
360,19:00 – 05:50 +1,LHR Heathrow,Emirates,DXB Dubai Intl,direct,6h 50m,16:05 – 20:00,DXB Dubai Intl,LHR Heathrow,direct,7h 55m
361,15:50 – 02:40 +1,LHR Heathrow,Emirates,DXB Dubai Intl,direct,6h 50m,07:45 – 11:40,DXB Dubai Intl,LHR Heathrow,direct,7h 55m
362,09:10 – 20:00,LHR Heathrow,Emirates,DXB Dubai Intl,direct,6h 50m,07:45 – 11:40,DXB Dubai Intl,LHR Heathrow,direct,7h 55m
363,15:50 – 02:40 +1,LHR Heathrow,Emirates,DXB Dubai Intl,direct,6h 50m,16:05 – 20:00,DXB Dubai Intl,LHR Heathrow,direct,7h 55m
364,09:10 – 20:00,LHR Heathrow,Emirates,DXB Dubai Intl,direct,6h 50m,12:10 – 16:10,DXB Dubai Intl,LHR Heathrow,direct,8h 00m
365,15:50 – 02:40 +1,LHR Heathrow,Emirates,DXB Dubai Intl,direct,6h 50m,12:10 – 16:10,DXB Dubai Intl,LHR Heathrow,direct,8h 00m
366,11:25 – 15:35,LHR Heathrow,Air Malta,MLA Malta Intl,direct,3h 10m,07:55 – 10:25,MLA Malta Intl,LHR Heathrow,direct,3h 30m
367,06:30 – 13:05,LHR Heathrow,"Lufthansa, Air Malta",MLA Malta Intl,1 stop,FRA,07:55 – 10:25,MLA Malta Intl,LHR Heathrow,direct,3h 30m
368,09:30 – 16:15,LHR Heathrow,"Lufthansa, Air Malta",MLA Malta Intl,1 stop,FRA,07:55 – 10:25,MLA Malta Intl,LHR Heathrow,direct,3h 30m
369,08:30 – 16:15,LHR Heathrow,"Lufthansa, Air Malta",MLA Malta Intl,1 stop,FRA,07:55 – 10:25,MLA Malta Intl,LHR Heathrow,direct,3h 30m
370,11:25 – 15:35,LHR Heathrow,"Air Malta, Lufthansa",MLA Malta Intl,direct,3h 10m,17:00 – 22:15,MLA Malta Intl,LHR Heathrow,1 stop,FRA
371,09:15 – 23:35,LHR Heathrow,Multiple Airlines,MLA Malta Intl,1 stop,OTP,07:55 – 10:25,MLA Malta Intl,LHR Heathrow,direct,3h 30m
372,07:30 – 16:15,LHR Heathrow,"Lufthansa, Air Malta",MLA Malta Intl,1 stop,FRA,07:55 – 10:25,MLA Malta Intl,LHR Heathrow,direct,3h 30m
373,11:25 – 15:35,LHR Heathrow,"Air Malta, Lufthansa",MLA Malta Intl,direct,3h 10m,13:55 – 22:15,MLA Malta Intl,LHR Heathrow,1 stop,FRA
374,14:50 – 23:35,LHR Heathrow,Multiple Airlines,MLA Malta Intl,1 stop,OTP,07:55 – 10:25,MLA Malta Intl,LHR Heathrow,direct,3h 30m
375,11:25 – 15:35,LHR Heathrow,"Air Malta, Brussels Airlines",MLA Malta Intl,direct,3h 10m,16:05 – 21:20,MLA Malta Intl,LHR Heathrow,1 stop,BRU
376,11:25 – 15:35,LHR Heathrow,"Air Malta, Turkish Airlines",MLA Malta Intl,direct,3h 10m,09:20 – 16:05,MLA Malta Intl,LHR Heathrow,1 stop,IST
377,06:55 – 14:55,LHR Heathrow,"British Airways, Air Malta",MLA Malta Intl,1 stop,MUC,07:55 – 10:25,MLA Malta Intl,LHR Heathrow,direct,3h 30m
378,09:15 – 23:35,LHR Heathrow,Multiple Airlines,MLA Malta Intl,1 stop,OTP,17:45 – 22:40,MLA Malta Intl,LHR Heathrow,1 stop,FCO
379,16:55 – 10:55 +1,LHR Heathrow,Multiple Airlines,MLA Malta Intl,2 stops,"FCO, BDS",07:55 – 10:25,MLA Malta Intl,LHR Heathrow,direct,3h 30m
380,11:05 – 22:35,LHR Heathrow,Multiple Airlines,MLA Malta Intl,1 stop,BRU,07:55 – 10:25,MLA Malta Intl,LHR Heathrow,direct,3h 30m
381,11:45 – 19:40,LHR Heathrow,KLM,ALC Alicante,1 stop,AMS,16:20 – 20:50,ALC Alicante,LHR Heathrow,1 stop,AMS
382,06:30 – 19:40,LHR Heathrow,KLM,ALC Alicante,1 stop,AMS,16:20 – 20:50,ALC Alicante,LHR Heathrow,1 stop,AMS
383,06:30 – 15:30,LHR Heathrow,KLM,ALC Alicante,1 stop,AMS,16:20 – 20:50,ALC Alicante,LHR Heathrow,1 stop,AMS
384,11:45 – 19:40,LHR Heathrow,KLM,ALC Alicante,1 stop,AMS,10:20 – 16:05,ALC Alicante,LHR Heathrow,1 stop,AMS
385,11:45 – 19:40,LHR Heathrow,"KLM, SAS",ALC Alicante,1 stop,AMS,11:20 – 18:30,ALC Alicante,LHR Heathrow,1 stop,OSL
386,06:30 – 15:30,LHR Heathrow,"KLM, SAS",ALC Alicante,1 stop,AMS,11:20 – 18:30,ALC Alicante,LHR Heathrow,1 stop,OSL
387,09:50 – 21:21,LGW Gatwick,"Air Europa, AccesRail",ALC Alicante,1 stop,MAD,20:30 – 09:00 +1,ALC Alicante,LGW Gatwick,1 stop,MAD
388,02:55 – 11:00,LHR Heathrow,Multiple Airlines,ALC Alicante,1 stop,LGW,16:20 – 20:50,ALC Alicante,LHR Heathrow,1 stop,AMS
389,11:45 – 19:40,LHR Heathrow,"KLM, Iberia",ALC Alicante,1 stop,AMS,13:50 – 18:55,ALC Alicante,LHR Heathrow,1 stop,MAD
390,11:45 – 19:40,LHR Heathrow,"KLM, Iberia",ALC Alicante,1 stop,AMS,09:25 – 14:55,ALC Alicante,LHR Heathrow,1 stop,MAD
391,06:30 – 15:30,LHR Heathrow,"KLM, Iberia",ALC Alicante,1 stop,AMS,13:50 – 18:55,ALC Alicante,LHR Heathrow,1 stop,MAD
392,06:30 – 15:30,LHR Heathrow,"KLM, Iberia",ALC Alicante,1 stop,AMS,09:25 – 14:55,ALC Alicante,LHR Heathrow,1 stop,MAD
393,11:45 – 19:40,LHR Heathrow,"KLM, Iberia",ALC Alicante,1 stop,AMS,09:25 – 18:55,ALC Alicante,LHR Heathrow,1 stop,MAD
394,06:30 – 15:30,LHR Heathrow,"KLM, Iberia",ALC Alicante,1 stop,AMS,09:25 – 18:55,ALC Alicante,LHR Heathrow,1 stop,MAD
395,11:45 – 19:40,LHR Heathrow,"KLM, SAS",ALC Alicante,1 stop,AMS,10:50 – 17:55,ALC Alicante,LHR Heathrow,1 stop,ARN
396,17:55 – 21:10,LHR Heathrow,British Airways,BCN Barcelona-El Prat,direct,2h 15m,06:55 – 08:35,BCN Barcelona-El Prat,LHR Heathrow,direct,2h 40m
397,17:55 – 21:10,LHR Heathrow,British Airways,BCN Barcelona-El Prat,direct,2h 15m,06:55 – 08:35,BCN Barcelona-El Prat,LHR Heathrow,direct,2h 40m
398,17:55 – 21:10,LHR Heathrow,British Airways,BCN Barcelona-El Prat,direct,2h 15m,10:10 – 11:40,BCN Barcelona-El Prat,LHR Heathrow,direct,2h 30m
399,17:55 – 21:10,LHR Heathrow,British Airways,BCN Barcelona-El Prat,direct,2h 15m,12:20 – 13:45,BCN Barcelona-El Prat,LHR Heathrow,direct,2h 25m
400,17:55 – 21:10,LHR Heathrow,British Airways,BCN Barcelona-El Prat,direct,2h 15m,17:45 – 19:15,BCN Barcelona-El Prat,LHR Heathrow,direct,2h 30m
401,17:55 – 21:10,LHR Heathrow,"British Airways, Iberia",BCN Barcelona-El Prat,direct,2h 15m,10:10 – 11:40,BCN Barcelona-El Prat,LHR Heathrow,direct,2h 30m
402,13:20 – 16:25,LHR Heathrow,British Airways,BCN Barcelona-El Prat,direct,2h 05m,06:55 – 08:35,BCN Barcelona-El Prat,LHR Heathrow,direct,2h 40m
403,13:20 – 16:25,LHR Heathrow,British Airways,BCN Barcelona-El Prat,direct,2h 05m,10:10 – 11:40,BCN Barcelona-El Prat,LHR Heathrow,direct,2h 30m
404,13:20 – 16:25,LHR Heathrow,British Airways,BCN Barcelona-El Prat,direct,2h 05m,12:20 – 13:45,BCN Barcelona-El Prat,LHR Heathrow,direct,2h 25m
405,17:55 – 21:10,LHR Heathrow,"British Airways, Iberia",BCN Barcelona-El Prat,direct,2h 15m,17:45 – 19:15,BCN Barcelona-El Prat,LHR Heathrow,direct,2h 30m
406,13:20 – 16:25,LHR Heathrow,British Airways,BCN Barcelona-El Prat,direct,2h 05m,17:45 – 19:15,BCN Barcelona-El Prat,LHR Heathrow,direct,2h 30m
407,13:20 – 16:25,LHR Heathrow,Iberia,BCN Barcelona-El Prat,direct,2h 05m,10:10 – 11:40,BCN Barcelona-El Prat,LHR Heathrow,direct,2h 30m
408,13:20 – 16:25,LHR Heathrow,"British Airways, Iberia",BCN Barcelona-El Prat,direct,2h 05m,10:10 – 11:40,BCN Barcelona-El Prat,LHR Heathrow,direct,2h 30m
409,13:20 – 16:25,LHR Heathrow,Iberia,BCN Barcelona-El Prat,direct,2h 05m,17:45 – 19:15,BCN Barcelona-El Prat,LHR Heathrow,direct,2h 30m
410,13:20 – 16:25,LHR Heathrow,"British Airways, Iberia",BCN Barcelona-El Prat,direct,2h 05m,17:45 – 19:15,BCN Barcelona-El Prat,LHR Heathrow,direct,2h 30m
411,09:00 – 16:00,LHR Heathrow,Multiple Airlines,BCN Barcelona-El Prat,1 stop,STN,06:55 – 08:35,BCN Barcelona-El Prat,LHR Heathrow,direct,2h 40m
412,19:05 – 21:55,LHR Heathrow,British Airways,BER Brandenburg,direct,1h 50m,06:50 – 07:55,BER Brandenburg,LHR Heathrow,direct,2h 05m
413,19:05 – 21:55,LHR Heathrow,British Airways,BER Brandenburg,direct,1h 50m,06:50 – 07:55,BER Brandenburg,LHR Heathrow,direct,2h 05m
414,19:05 – 21:55,LHR Heathrow,British Airways,BER Brandenburg,direct,1h 50m,19:30 – 20:25,BER Brandenburg,LHR Heathrow,direct,1h 55m
415,19:05 – 21:55,LHR Heathrow,British Airways,BER Brandenburg,direct,1h 50m,12:30 – 13:30,BER Brandenburg,LHR Heathrow,direct,2h 00m
416,15:55 – 18:50,LHR Heathrow,British Airways,BER Brandenburg,direct,1h 55m,06:50 – 07:55,BER Brandenburg,LHR Heathrow,direct,2h 05m
417,15:55 – 18:50,LHR Heathrow,British Airways,BER Brandenburg,direct,1h 55m,19:30 – 20:25,BER Brandenburg,LHR Heathrow,direct,1h 55m
418,15:55 – 18:50,LHR Heathrow,British Airways,BER Brandenburg,direct,1h 55m,12:30 – 13:30,BER Brandenburg,LHR Heathrow,direct,2h 00m
419,19:05 – 21:55,LHR Heathrow,"British Airways, Iberia",BER Brandenburg,direct,1h 50m,11:50 – 18:55,BER Brandenburg,LHR Heathrow,1 stop,MAD
420,19:05 – 21:55,LHR Heathrow,"British Airways, Iberia",BER Brandenburg,direct,1h 50m,07:20 – 14:55,BER Brandenburg,LHR Heathrow,1 stop,MAD
421,19:05 – 21:55,LHR Heathrow,"British Airways, Eurowings",BER Brandenburg,direct,1h 50m,16:10 – 19:05,BER Brandenburg,LHR Heathrow,1 stop,CGN
422,19:05 – 21:55,LHR Heathrow,"British Airways, Eurowings",BER Brandenburg,direct,1h 50m,08:10 – 15:00,BER Brandenburg,LHR Heathrow,1 stop,DUS
423,08:45 – 13:40,LHR Heathrow,"Eurowings, British Airways",BER Brandenburg,1 stop,STR,06:50 – 07:55,BER Brandenburg,LHR Heathrow,direct,2h 05m
424,08:45 – 13:40,LHR Heathrow,"Eurowings, British Airways",BER Brandenburg,1 stop,STR,19:30 – 20:25,BER Brandenburg,LHR Heathrow,direct,1h 55m
425,08:45 – 17:05,LHR Heathrow,"Eurowings, British Airways",BER Brandenburg,1 stop,STR,06:50 – 07:55,BER Brandenburg,LHR Heathrow,direct,2h 05m
426,08:45 – 17:05,LHR Heathrow,"Eurowings, British Airways",BER Brandenburg,1 stop,STR,19:30 – 20:25,BER Brandenburg,LHR Heathrow,direct,1h 55m
427,09:45 – 17:20,LHR Heathrow,"Eurowings, British Airways",BER Brandenburg,1 stop,CGN,06:50 – 07:55,BER Brandenburg,LHR Heathrow,direct,2h 05m
428,20:20 – 18:40 +1,LHR Heathrow,Emirates,BKK Suvarnabhumi,1 stop,DXB,20:35 – 07:10 +1,BKK Suvarnabhumi,LHR Heathrow,1 stop,DXB
429,11:50 – 09:40 +1,LHR Heathrow,Thai Airways,BKK Suvarnabhumi,direct,14h 50m,00:15 – 06:20,BKK Suvarnabhumi,LHR Heathrow,direct,13h 05m
430,20:20 – 18:40 +1,LHR Heathrow,Emirates,BKK Suvarnabhumi,1 stop,DXB,20:35 – 07:10 +1,BKK Suvarnabhumi,LHR Heathrow,1 stop,DXB
431,20:05 – 17:45 +1,LHR Heathrow,"Oman Air, Thai Airways",BKK Suvarnabhumi,1 stop,MCT,00:15 – 06:20,BKK Suvarnabhumi,LHR Heathrow,direct,13h 05m
432,10:20 – 07:25 +1,LHR Heathrow,"Finnair, Thai Airways",BKK Suvarnabhumi,1 stop,HEL,00:15 – 06:20,BKK Suvarnabhumi,LHR Heathrow,direct,13h 05m
433,07:30 – 07:25 +1,LHR Heathrow,"Finnair, Thai Airways",BKK Suvarnabhumi,1 stop,HEL,00:15 – 06:20,BKK Suvarnabhumi,LHR Heathrow,direct,13h 05m
434,11:50 – 09:40 +1,LHR Heathrow,Thai Airways,BKK Suvarnabhumi,1 stop,HKT,00:15 – 06:20,BKK Suvarnabhumi,LHR Heathrow,direct,13h 05m
435,14:10 – 19:10 +1,LHR Heathrow,"Qatar Airways, Thai Airways",BKK Suvarnabhumi,1 stop,DOH,00:15 – 06:20,BKK Suvarnabhumi,LHR Heathrow,direct,13h 05m
436,20:05 – 17:45 +1,LHR Heathrow,"Oman Air, British Airways",BKK Suvarnabhumi,1 stop,MCT,23:30 – 05:30 +1,BKK Suvarnabhumi,LHR Heathrow,direct,13h 00m
437,10:20 – 07:25 +1,LHR Heathrow,"Finnair, British Airways",BKK Suvarnabhumi,1 stop,HEL,23:30 – 05:30 +1,BKK Suvarnabhumi,LHR Heathrow,direct,13h 00m
438,07:30 – 07:25 +1,LHR Heathrow,"Finnair, British Airways",BKK Suvarnabhumi,1 stop,HEL,23:30 – 05:30 +1,BKK Suvarnabhumi,LHR Heathrow,direct,13h 00m
439,09:10 – 08:40 +1,LHR Heathrow,"Singapore Airlines, Thai Airways",BKK Suvarnabhumi,1 stop,SIN,00:15 – 06:20,BKK Suvarnabhumi,LHR Heathrow,direct,13h 05m
440,08:00 – 19:10 +1,LHR Heathrow,"Qatar Airways, Thai Airways",BKK Suvarnabhumi,1 stop,DOH,00:15 – 06:20,BKK Suvarnabhumi,LHR Heathrow,direct,13h 05m
441,20:05 – 06:45 +2,LHR Heathrow,"Oman Air, British Airways",BKK Suvarnabhumi,1 stop,MCT,23:30 – 05:30 +1,BKK Suvarnabhumi,LHR Heathrow,direct,13h 00m
442,08:00 – 19:10 +1,LHR Heathrow,"Qatar Airways, British Airways",BKK Suvarnabhumi,1 stop,DOH,23:30 – 05:30 +1,BKK Suvarnabhumi,LHR Heathrow,direct,13h 00m
443,13:40 – 18:40 +1,LHR Heathrow,"Emirates, Thai Airways",BKK Suvarnabhumi,1 stop,DXB,00:15 – 06:20,BKK Suvarnabhumi,LHR Heathrow,direct,13h 05m
444,13:40 – 12:05 +1,LHR Heathrow,"Emirates, British Airways",BKK Suvarnabhumi,1 stop,DXB,23:30 – 05:30 +1,BKK Suvarnabhumi,LHR Heathrow,direct,13h 00m
445,06:00 – 10:30,LHR Heathrow,TAP AIR PORTUGAL,FAO Faro,1 stop,LIS,11:15 – 17:30,FAO Faro,LHR Heathrow,1 stop,LIS
446,06:00 – 10:30,LHR Heathrow,TAP AIR PORTUGAL,FAO Faro,1 stop,LIS,06:05 – 12:40,FAO Faro,LHR Heathrow,1 stop,LIS
447,06:00 – 10:30,LHR Heathrow,TAP AIR PORTUGAL,FAO Faro,1 stop,LIS,06:05 – 11:25,FAO Faro,LHR Heathrow,1 stop,LIS
448,18:30 – 23:50,LHR Heathrow,TAP AIR PORTUGAL,FAO Faro,1 stop,LIS,11:15 – 17:30,FAO Faro,LHR Heathrow,1 stop,LIS
449,18:30 – 23:50,LHR Heathrow,TAP AIR PORTUGAL,FAO Faro,1 stop,LIS,06:05 – 12:40,FAO Faro,LHR Heathrow,1 stop,LIS
450,06:00 – 10:30,LHR Heathrow,TAP AIR PORTUGAL,FAO Faro,1 stop,LIS,11:15 – 18:55,FAO Faro,LHR Heathrow,1 stop,LIS
451,18:30 – 23:50,LHR Heathrow,TAP AIR PORTUGAL,FAO Faro,1 stop,LIS,11:15 – 18:55,FAO Faro,LHR Heathrow,1 stop,LIS
452,18:30 – 23:50,LHR Heathrow,TAP AIR PORTUGAL,FAO Faro,1 stop,LIS,06:05 – 11:25,FAO Faro,LHR Heathrow,1 stop,LIS
453,08:15 – 16:35,LHR Heathrow,TAP AIR PORTUGAL,FAO Faro,1 stop,LIS,11:15 – 17:30,FAO Faro,LHR Heathrow,1 stop,LIS
454,08:15 – 16:35,LHR Heathrow,TAP AIR PORTUGAL,FAO Faro,1 stop,LIS,06:05 – 12:40,FAO Faro,LHR Heathrow,1 stop,LIS
455,06:00 – 10:30,LHR Heathrow,TAP AIR PORTUGAL,FAO Faro,1 stop,LIS,11:15 – 21:35,FAO Faro,LHR Heathrow,1 stop,LIS
456,06:00 – 10:30,LHR Heathrow,TAP AIR PORTUGAL,FAO Faro,1 stop,LIS,06:05 – 17:30,FAO Faro,LHR Heathrow,1 stop,LIS
457,08:15 – 16:35,LHR Heathrow,TAP AIR PORTUGAL,FAO Faro,1 stop,LIS,06:05 – 11:25,FAO Faro,LHR Heathrow,1 stop,LIS
458,06:00 – 16:35,LHR Heathrow,TAP AIR PORTUGAL,FAO Faro,1 stop,LIS,06:05 – 12:40,FAO Faro,LHR Heathrow,1 stop,LIS
459,18:30 – 23:50,LHR Heathrow,TAP AIR PORTUGAL,FAO Faro,1 stop,LIS,06:05 – 18:55,FAO Faro,LHR Heathrow,1 stop,LIS
460,09:00 – 13:25,LHR Heathrow,British Airways,TFS Tenerife-Sur,direct,4h 25m,17:55 – 22:20,TFS Tenerife-Sur,LHR Heathrow,direct,4h 25m
461,09:00 – 13:25,LHR Heathrow,British Airways,TFS Tenerife-Sur,direct,4h 25m,17:55 – 22:20,TFS Tenerife-Sur,LHR Heathrow,direct,4h 25m
462,06:00 – 13:30,LHR Heathrow,TAP AIR PORTUGAL,TFS Tenerife-Sur,1 stop,LIS,14:15 – 21:35,TFS Tenerife-Sur,LHR Heathrow,1 stop,LIS
463,09:20 – 13:50,LHR Heathrow,British Airways,TFS Tenerife-Sur,direct,4h 30m,17:55 – 22:20,TFS Tenerife-Sur,LHR Heathrow,direct,4h 25m
464,09:00 – 13:25,LHR Heathrow,British Airways,TFS Tenerife-Sur,direct,4h 25m,13:55 – 18:20,TFS Tenerife-Sur,LHR Heathrow,direct,4h 25m
465,09:20 – 13:50,LHR Heathrow,British Airways,TFS Tenerife-Sur,direct,4h 30m,13:55 – 18:20,TFS Tenerife-Sur,LHR Heathrow,direct,4h 25m
466,06:00 – 13:30,LHR Heathrow,"TAP AIR PORTUGAL, British Airways",TFS Tenerife-Sur,1 stop,LIS,17:55 – 22:20,TFS Tenerife-Sur,LHR Heathrow,direct,4h 25m
467,06:00 – 13:30,LHR Heathrow,"TAP AIR PORTUGAL, British Airways",TFS Tenerife-Sur,1 stop,LIS,13:55 – 18:20,TFS Tenerife-Sur,LHR Heathrow,direct,4h 25m
468,09:00 – 13:25,LHR Heathrow,"British Airways, TAP AIR PORTUGAL",TFS Tenerife-Sur,direct,4h 25m,14:15 – 22:40,TFS Tenerife-Sur,LHR Heathrow,1 stop,LIS
469,08:05 – 15:25,LHR Heathrow,"Eurowings, British Airways",TFS Tenerife-Sur,1 stop,DUS,17:55 – 22:20,TFS Tenerife-Sur,LHR Heathrow,direct,4h 25m
470,08:05 – 15:25,LHR Heathrow,"Eurowings, British Airways",TFS Tenerife-Sur,1 stop,DUS,13:55 – 18:20,TFS Tenerife-Sur,LHR Heathrow,direct,4h 25m
471,09:00 – 13:25,LHR Heathrow,"British Airways, Iberia",TFS Tenerife-Sur,direct,4h 25m,11:10 – 18:55,TFN Tenerife-Norte,LHR Heathrow,1 stop,MAD
472,09:20 – 13:50,LHR Heathrow,"British Airways, Iberia",TFS Tenerife-Sur,direct,4h 30m,11:10 – 18:55,TFN Tenerife-Norte,LHR Heathrow,1 stop,MAD
473,09:00 – 13:25,LHR Heathrow,British Airways,TFS Tenerife-Sur,direct,4h 25m,11:10 – 17:15,TFN Tenerife-Norte,LHR Heathrow,1 stop,MAD
474,09:20 – 13:50,LHR Heathrow,British Airways,TFS Tenerife-Sur,direct,4h 30m,11:10 – 17:15,TFN Tenerife-Norte,LHR Heathrow,1 stop,MAD
475,09:00 – 13:25,LHR Heathrow,"British Airways, Iberia",TFS Tenerife-Sur,direct,4h 25m,21:40 – 10:35 +1,TFS Tenerife-Sur,LHR Heathrow,1 stop,MAD
